Force,Displacement,Time
0.0022,0,0
0.0024,0.0001,0.02
0.003,0.0004,0.04
0.0058,0.0008,0.06
0.0123,0.0015,0.08
0.022,0.0023,0.1
0.0347,0.0033,0.12
0.0513,0.0043,0.14
0.0697,0.0053,0.16
0.0878,0.0063,0.18
0.1049,0.0072,0.2
0.1207,0.0082,0.22
0.1365,0.0092,0.24
0.1526,0.0101,0.26
0.1682,0.0111,0.28
0.1833,0.0121,0.3
0.1991,0.0132,0.32
0.2157,0.0142,0.34
0.2323,0.0152,0.36
0.248,0.0162,0.38
0.2628,0.0171,0.4
0.2768,0.0181,0.42
0.2912,0.0192,0.44
0.3064,0.0202,0.46
0.3212,0.0212,0.48
0.3357,0.0222,0.5
0.3507,0.0233,0.52
0.3654,0.0243,0.54
0.3793,0.0253,0.56
0.3927,0.0263,0.58
0.4055,0.0272,0.6
0.4183,0.0283,0.62
0.4314,0.0294,0.64
0.4451,0.0304,0.66
0.4579,0.0314,0.68
0.4693,0.0324,0.7
0.4799,0.0333,0.72
0.4898,0.0343,0.74
0.4991,0.0353,0.76
0.508,0.0363,0.78
0.5162,0.0372,0.8
0.5227,0.0382,0.82
0.5269,0.0393,0.84
0.5252,0.0402,0.86
0.5175,0.0412,0.88
0.5116,0.0421,0.9
0.5104,0.0431,0.92
0.5122,0.0441,0.94
0.5154,0.0452,0.96
0.5197,0.0462,0.98
0.5241,0.0472,1
0.5283,0.0481,1.02
0.5326,0.0491,1.04
0.5375,0.0501,1.06
0.5423,0.051,1.08
0.5468,0.0521,1.1
0.5519,0.0532,1.12
0.5571,0.0542,1.14
0.5621,0.0553,1.16
0.5669,0.0563,1.18
0.5715,0.0572,1.2
0.5759,0.0582,1.22
0.5812,0.0593,1.24
0.5873,0.0603,1.26
0.5928,0.0613,1.28
0.598,0.0624,1.3
0.6034,0.0634,1.32
0.6086,0.0643,1.34
0.6132,0.0653,1.36
0.6178,0.0662,1.38
0.6223,0.0671,1.4
0.6272,0.0681,1.42
0.6327,0.0692,1.44
0.6386,0.0702,1.46
0.644,0.0712,1.48
0.6487,0.0722,1.5
0.6533,0.0732,1.52
0.6579,0.0741,1.54
0.6624,0.0751,1.56
0.6672,0.0761,1.58
0.6724,0.0772,1.6
0.6776,0.0782,1.62
0.6829,0.0793,1.64
0.6884,0.0803,1.66
0.6928,0.0812,1.68
0.6969,0.0822,1.7
0.7018,0.0832,1.72
0.7069,0.0842,1.74
0.7122,0.0853,1.76
0.7178,0.0863,1.78
0.723,0.0873,1.8
0.7274,0.0883,1.82
0.7318,0.0893,1.84
0.7365,0.0903,1.86
0.7409,0.0913,1.88
0.7452,0.0923,1.9
0.7501,0.0933,1.92
0.7553,0.0944,1.94
0.7602,0.0954,1.96
0.7646,0.0963,1.98
0.7683,0.0972,2
0.7717,0.0982,2.02
0.7758,0.0992,2.04
0.7806,0.1002,2.06
0.7851,0.1011,2.08
0.7893,0.1022,2.1
0.7938,0.1032,2.12
0.7982,0.1042,2.14
0.8021,0.1052,2.16
0.8059,0.1061,2.18
0.8097,0.1071,2.2
0.8135,0.108,2.22
0.8179,0.1091,2.24
0.823,0.1102,2.26
0.8278,0.1112,2.28
0.8317,0.1122,2.3
0.8357,0.1132,2.32
0.8397,0.1142,2.34
0.8433,0.1152,2.36
0.8467,0.1163,2.38
0.8501,0.1173,2.4
0.8533,0.1183,2.42
0.8565,0.1194,2.44
0.8594,0.1204,2.46
0.8615,0.1213,2.48
0.8629,0.1223,2.5
0.8645,0.1233,2.52
0.8664,0.1243,2.54
0.8684,0.1253,2.56
0.8708,0.1263,2.58
0.8737,0.1272,2.6
0.8764,0.1282,2.62
0.8793,0.1292,2.64
0.8828,0.1301,2.66
0.8861,0.1311,2.68
0.889,0.132,2.7
0.8927,0.1331,2.72
0.8968,0.1342,2.74
0.9007,0.1352,2.76
0.904,0.1362,2.78
0.9067,0.1372,2.8
0.9094,0.1381,2.82
0.9122,0.1391,2.84
0.916,0.1402,2.86
0.9198,0.1411,2.88
0.9232,0.1422,2.9
0.9269,0.1433,2.92
0.9307,0.1443,2.94
0.9341,0.1453,2.96
0.9375,0.1462,2.98
0.9409,0.1472,3
0.9444,0.1482,3.02
0.9482,0.1493,3.04
0.9528,0.1504,3.06
0.957,0.1514,3.08
0.9602,0.1524,3.1
0.9633,0.1533,3.12
0.9664,0.1543,3.14
0.9699,0.1552,3.16
0.9736,0.1562,3.18
0.9776,0.1572,3.2
0.9813,0.1582,3.22
0.9853,0.1593,3.24
0.9893,0.1603,3.26
0.9927,0.1612,3.28
0.9955,0.1621,3.3
0.9986,0.1631,3.32
1.0022,0.1641,3.34
1.0061,0.1651,3.36
1.01,0.1662,3.38
1.0139,0.1672,3.4
1.0174,0.1682,3.42
1.0204,0.1692,3.44
1.0237,0.1702,3.46
1.0273,0.1711,3.48
1.0305,0.1721,3.5
1.0339,0.1731,3.52
1.0381,0.1742,3.54
1.0423,0.1753,3.56
1.0464,0.1764,3.58
1.05,0.1773,3.6
1.0526,0.1783,3.62
1.0555,0.1793,3.64
1.0592,0.1803,3.66
1.063,0.1813,3.68
1.0664,0.1823,3.7
1.0698,0.1833,3.72
1.0732,0.1843,3.74
1.076,0.1853,3.76
1.0787,0.1862,3.78
1.0817,0.1871,3.8
1.0846,0.1881,3.82
1.0877,0.1891,3.84
1.0916,0.1902,3.86
1.0958,0.1912,3.88
1.0991,0.1921,3.9
1.1019,0.1931,3.92
1.105,0.1941,3.94
1.108,0.1951,3.96
1.1112,0.1961,3.98
1.1147,0.1971,4
1.1183,0.1981,4.02
1.1217,0.1992,4.04
1.1253,0.2003,4.06
1.1286,0.2012,4.08
1.1311,0.2021,4.1
1.1335,0.2031,4.12
1.1366,0.2041,4.14
1.1397,0.2052,4.16
1.1431,0.2063,4.18
1.1466,0.2073,4.2
1.1497,0.2083,4.22
1.1522,0.2093,4.24
1.1551,0.2104,4.26
1.1582,0.2113,4.28
1.1609,0.2123,4.3
1.1637,0.2133,4.32
1.1669,0.2144,4.34
1.17,0.2154,4.36
1.1727,0.2164,4.38
1.175,0.2173,4.4
1.1768,0.2182,4.42
1.1786,0.2192,4.44
1.1812,0.2202,4.46
1.184,0.2212,4.48
1.1862,0.2222,4.5
1.1882,0.2232,4.52
1.1905,0.2242,4.54
1.1922,0.2252,4.56
1.1932,0.2261,4.58
1.194,0.2271,4.6
1.1945,0.228,4.62
1.1949,0.2291,4.64
1.1956,0.2302,4.66
1.1961,0.2312,4.68
1.195,0.2322,4.7
1.192,0.2332,4.72
1.1878,0.2342,4.74
1.1824,0.2352,4.76
1.1765,0.2362,4.78
1.1709,0.2372,4.8
1.1662,0.2383,4.82
1.1624,0.2394,4.84
1.16,0.2404,4.86
1.1586,0.2414,4.88
1.1569,0.2423,4.9
1.1556,0.2433,4.92
1.1554,0.2442,4.94
1.1561,0.2452,4.96
1.1574,0.2462,4.98
1.1593,0.2473,5
1.1614,0.2482,5.02
1.1626,0.2492,5.04
1.1638,0.2502,5.06
1.1655,0.2511,5.08
1.1669,0.2521,5.1
1.1682,0.2531,5.12
1.1703,0.2541,5.14
1.1727,0.2552,5.16
1.1749,0.2563,5.18
1.1767,0.2572,5.2
1.1775,0.2582,5.22
1.1776,0.2591,5.24
1.1784,0.2601,5.26
1.1798,0.2611,5.28
1.181,0.2621,5.3
1.182,0.2632,5.32
1.1836,0.2643,5.34
1.1849,0.2653,5.36
1.1857,0.2663,5.38
1.1862,0.2673,5.4
1.1862,0.2682,5.42
1.186,0.2693,5.44
1.1866,0.2704,5.46
1.188,0.2714,5.48
1.1885,0.2724,5.5
1.1881,0.2734,5.52
1.1878,0.2743,5.54
1.1875,0.2753,5.56
1.1871,0.2763,5.58
1.1872,0.2773,5.6
1.1876,0.2782,5.62
1.1877,0.2792,5.64
1.1883,0.2803,5.66
1.189,0.2813,5.68
1.1888,0.2822,5.7
1.1881,0.2831,5.72
1.1879,0.2841,5.74
1.1882,0.2851,5.76
1.1891,0.2861,5.78
1.1902,0.2872,5.8
1.1914,0.2881,5.82
1.1919,0.2891,5.84
1.1923,0.2901,5.86
1.1932,0.2911,5.88
1.1939,0.2921,5.9
1.194,0.2931,5.92
1.1947,0.2942,5.94
1.1961,0.2953,5.96
1.1974,0.2963,5.98
1.1982,0.2973,6
1.1982,0.2983,6.02
1.1974,0.2993,6.04
1.197,0.3003,6.06
1.1975,0.3014,6.08
1.1976,0.3023,6.1
1.1973,0.3034,6.12
1.1974,0.3044,6.14
1.197,0.3053,6.16
1.1959,0.3063,6.18
1.1944,0.3072,6.2
1.1931,0.3081,6.22
1.192,0.3091,6.24
1.1915,0.3101,6.26
1.1918,0.3112,6.28
1.1919,0.3122,6.3
1.1912,0.3132,6.32
1.1904,0.3142,6.34
1.19,0.3151,6.36
1.1894,0.3161,6.38
1.1892,0.3171,6.4
1.1893,0.3181,6.42
1.1895,0.3192,6.44
1.1896,0.3202,6.46
1.19,0.3213,6.48
1.1896,0.3222,6.5
1.1885,0.3231,6.52
1.1877,0.3241,6.54
1.1874,0.3252,6.56
1.1873,0.3262,6.58
1.1877,0.3273,6.6
1.188,0.3283,6.62
1.1873,0.3293,6.64
1.1866,0.3303,6.66
1.1867,0.3313,6.68
1.1866,0.3323,6.7
1.1862,0.3332,6.72
1.1866,0.3343,6.74
1.1879,0.3354,6.76
1.1894,0.3364,6.78
1.1904,0.3373,6.8
1.1909,0.3382,6.82
1.191,0.3392,6.84
1.1916,0.3402,6.86
1.1932,0.3412,6.88
1.1948,0.3421,6.9
1.1961,0.3432,6.92
1.1979,0.3442,6.94
1.1998,0.3452,6.96
1.2009,0.3462,6.98
1.2016,0.3471,7
1.2023,0.3481,7.02
1.2031,0.349,7.04
1.2045,0.3501,7.06
1.2066,0.3512,7.08
1.2085,0.3522,7.1
1.2095,0.3532,7.12
1.2104,0.3542,7.14
1.2113,0.3552,7.16
1.2121,0.3562,7.18
1.2129,0.3573,7.2
1.2142,0.3583,7.22
1.2152,0.3593,7.24
1.2163,0.3604,7.26
1.2175,0.3614,7.28
1.2181,0.3623,7.3
1.2178,0.3633,7.32
1.2179,0.3642,7.34
1.2185,0.3652,7.36
1.2193,0.3662,7.38
1.2204,0.3673,7.4
1.2215,0.3682,7.42
1.222,0.3692,7.44
1.2221,0.3702,7.46
1.2228,0.3712,7.48
1.2235,0.3721,7.5
1.2236,0.373,7.52
1.2242,0.3741,7.54
1.2256,0.3752,7.56
1.2272,0.3762,7.58
1.2283,0.3772,7.6
1.2287,0.3781,7.62
1.2285,0.3791,7.64
1.2287,0.3801,7.66
1.2298,0.3812,7.68
1.2309,0.3822,7.7
1.2317,0.3832,7.72
1.2326,0.3843,7.74
1.2336,0.3853,7.76
1.2343,0.3863,7.78
1.2344,0.3873,7.8
1.2346,0.3883,7.82
1.2347,0.3892,7.84
1.2355,0.3903,7.86
1.2372,0.3914,7.88
1.2386,0.3924,7.9
1.2388,0.3934,7.92
1.2389,0.3944,7.94
1.2389,0.3953,7.96
1.239,0.3963,7.98
1.2396,0.3972,8
1.2405,0.3982,8.02
1.2414,0.3992,8.04
1.2423,0.4003,8.06
1.2435,0.4013,8.08
1.2443,0.4022,8.1
1.2443,0.4031,8.12
1.2443,0.4041,8.14
1.2453,0.4051,8.16
1.2464,0.4061,8.18
1.2475,0.4072,8.2
1.2488,0.4082,8.22
1.2494,0.4091,8.24
1.2496,0.4101,8.26
1.2502,0.4112,8.28
1.2509,0.4121,8.3
1.2511,0.4131,8.32
1.2517,0.4141,8.34
1.2531,0.4152,8.36
1.2547,0.4163,8.38
1.2559,0.4173,8.4
1.2564,0.4183,8.42
1.2562,0.4192,8.44
1.2561,0.4203,8.46
1.257,0.4213,8.48
1.2582,0.4223,8.5
1.2588,0.4233,8.52
1.2596,0.4244,8.54
1.2605,0.4253,8.56
1.2608,0.4263,8.58
1.2608,0.4272,8.6
1.2609,0.4282,8.62
1.2614,0.4291,8.64
1.2621,0.4301,8.66
1.2634,0.4312,8.68
1.2652,0.4322,8.7
1.2662,0.4332,8.72
1.2664,0.4342,8.74
1.267,0.4352,8.76
1.2673,0.4361,8.78
1.2676,0.4371,8.8
1.2685,0.4381,8.82
1.2696,0.4391,8.84
1.2706,0.4402,8.86
1.2718,0.4413,8.88
1.2728,0.4422,8.9
1.2727,0.4431,8.92
1.2726,0.4441,8.94
1.2732,0.4451,8.96
1.2742,0.4462,8.98
1.2756,0.4473,9
1.2771,0.4483,9.02
1.2779,0.4493,9.04
1.278,0.4503,9.06
1.2785,0.4514,9.08
1.2793,0.4523,9.1
1.2795,0.4532,9.12
1.2797,0.4543,9.14
1.2808,0.4554,9.16
1.282,0.4564,9.18
1.2828,0.4574,9.2
1.2831,0.4583,9.22
1.2829,0.4592,9.24
1.2828,0.4602,9.26
1.2835,0.4612,9.28
1.2848,0.4621,9.3
1.2856,0.4631,9.32
1.2864,0.4642,9.34
1.2875,0.4652,9.36
1.2883,0.4662,9.38
1.2887,0.4671,9.4
1.2889,0.4681,9.42
1.2893,0.469,9.44
1.2898,0.47,9.46
1.2908,0.4711,9.48
1.2925,0.4722,9.5
1.2935,0.4732,9.52
1.2939,0.4742,9.54
1.2943,0.4752,9.56
1.2948,0.4762,9.58
1.2953,0.4772,9.6
1.2962,0.4783,9.62
1.2973,0.4793,9.64
1.298,0.4804,9.66
1.2988,0.4814,9.68
1.2995,0.4824,9.7
1.2993,0.4833,9.72
1.299,0.4842,9.74
1.2993,0.4852,9.76
1.3001,0.4862,9.78
1.301,0.4872,9.8
1.3023,0.4883,9.82
1.3033,0.4892,9.84
1.3035,0.4902,9.86
1.3037,0.4912,9.88
1.3042,0.4921,9.9
1.3046,0.4931,9.92
1.305,0.4941,9.94
1.3062,0.4952,9.96
1.3077,0.4962,9.98
1.3089,0.4973,10
1.3096,0.4982,10.02
1.3095,0.4991,10.04
1.309,0.5001,10.06
1.3092,0.5011,10.08
1.3105,0.5021,10.1
1.3116,0.5031,10.12
1.3125,0.5042,10.14
1.3137,0.5053,10.16
1.3148,0.5063,10.18
1.3153,0.5073,10.2
1.3154,0.5083,10.22
1.3154,0.5092,10.24
1.3154,0.5102,10.26
1.3163,0.5113,10.28
1.318,0.5124,10.3
1.3191,0.5134,10.32
1.3194,0.5144,10.34
1.3194,0.5153,10.36
1.3193,0.5163,10.38
1.3194,0.5173,10.4
1.32,0.5183,10.42
1.3208,0.5192,10.44
1.3215,0.5202,10.46
1.3225,0.5213,10.48
1.3238,0.5223,10.5
1.3242,0.5232,10.52
1.3238,0.5241,10.54
1.3239,0.5251,10.56
1.3246,0.5261,10.58
1.3256,0.5272,10.6
1.3267,0.5282,10.62
1.3277,0.5292,10.64
1.3281,0.5301,10.66
1.3285,0.5312,10.68
1.3293,0.5322,10.7
1.3297,0.5331,10.72
1.3296,0.5341,10.74
1.3302,0.5352,10.76
1.3317,0.5363,10.78
1.333,0.5373,10.8
1.3339,0.5384,10.82
1.3341,0.5393,10.84
1.3338,0.5403,10.86
1.3341,0.5413,10.88
1.3351,0.5424,10.9
1.3358,0.5433,10.92
1.3361,0.5444,10.94
1.3367,0.5454,10.96
1.3372,0.5463,10.98
1.3373,0.5472,11
1.3375,0.5482,11.02
1.3377,0.5491,11.04
1.3382,0.5501,11.06
1.3391,0.5512,11.08
1.3406,0.5522,11.1
1.3416,0.5531,11.12
1.3417,0.5541,11.14
1.342,0.5551,11.16
1.3426,0.5561,11.18
1.3432,0.5571,11.2
1.3438,0.5581,11.22
1.3447,0.5591,11.24
1.3456,0.5602,11.26
1.3465,0.5613,11.28
1.3475,0.5623,11.3
1.3476,0.5632,11.32
1.3472,0.5642,11.34
1.3475,0.5652,11.36
1.3483,0.5662,11.38
1.3494,0.5673,11.4
1.3505,0.5684,11.42
1.3513,0.5693,11.44
1.3513,0.5703,11.46
1.3513,0.5713,11.48
1.3519,0.5723,11.5
1.3524,0.5733,11.52
1.3525,0.5743,11.54
1.3533,0.5754,11.56
1.3546,0.5764,11.58
1.3555,0.5774,11.6
1.3557,0.5783,11.62
1.3555,0.5793,11.64
1.3552,0.5802,11.66
1.3554,0.5812,11.68
1.3564,0.5822,11.7
1.3574,0.5832,11.72
1.3581,0.5842,11.74
1.3591,0.5853,11.76
1.3601,0.5862,11.78
1.3603,0.5871,11.8
1.3601,0.5881,11.82
1.3602,0.589,11.84
1.3605,0.59,11.86
1.3612,0.5911,11.88
1.3627,0.5922,11.9
1.3642,0.5932,11.92
1.3648,0.5942,11.94
1.365,0.5952,11.96
1.3651,0.5961,11.98
1.3652,0.5972,12
1.3659,0.5982,12.02
1.3669,0.5993,12.04
1.3677,0.6003,12.06
1.3684,0.6014,12.08
1.3695,0.6025,12.1
1.3698,0.6034,12.12
1.369,0.6043,12.14
1.3687,0.6052,12.16
1.3687,0.6062,12.18
1.3694,0.6072,12.2
1.3706,0.6083,12.22
1.3717,0.6092,12.24
1.3721,0.6102,12.26
1.3723,0.6112,12.28
1.373,0.6122,12.3
1.3735,0.6131,12.32
1.3733,0.614,12.34
1.3736,0.6151,12.36
1.3748,0.6162,12.38
1.3762,0.6172,12.4
1.377,0.6182,12.42
1.3775,0.6192,12.44
1.3773,0.6201,12.46
1.3771,0.6211,12.48
1.3777,0.6221,12.5
1.3785,0.6231,12.52
1.379,0.6241,12.54
1.3798,0.6252,12.56
1.381,0.6263,12.58
1.3816,0.6273,12.6
1.3819,0.6283,12.62
1.3821,0.6293,12.64
1.3823,0.6302,12.66
1.3827,0.6313,12.68
1.3838,0.6324,12.7
1.3847,0.6334,12.72
1.3849,0.6344,12.74
1.3848,0.6353,12.76
1.3848,0.6363,12.78
1.3849,0.6373,12.8
1.3852,0.6382,12.82
1.3859,0.6392,12.84
1.3864,0.6402,12.86
1.387,0.6412,12.88
1.3878,0.6422,12.9
1.3885,0.6432,12.92
1.3885,0.6441,12.94
1.3885,0.6451,12.96
1.3892,0.6461,12.98
1.3902,0.6471,13
1.3912,0.6482,13.02
1.3921,0.6492,13.04
1.3922,0.6501,13.06
1.3921,0.6512,13.08
1.3927,0.6522,13.1
1.3934,0.6531,13.12
1.3935,0.6541,13.14
1.3939,0.6552,13.16
1.3951,0.6563,13.18
1.3963,0.6574,13.2
1.397,0.6584,13.22
1.3969,0.6593,13.24
1.3965,0.6603,13.26
1.3965,0.6613,13.28
1.3972,0.6623,13.3
1.3982,0.6633,13.32
1.3988,0.6644,13.34
1.3994,0.6654,13.36
1.4,0.6664,13.38
1.3998,0.6673,13.4
1.3993,0.6682,13.42
1.3992,0.6692,13.44
1.3996,0.6701,13.46
1.4001,0.6711,13.48
1.4013,0.6722,13.5
1.4029,0.6732,13.52
1.4037,0.6742,13.54
1.4038,0.6752,13.56
1.4039,0.6761,13.58
1.4037,0.6771,13.6
1.4038,0.6781,13.62
1.4046,0.6791,13.64
1.4054,0.6801,13.66
1.4061,0.6812,13.68
1.4072,0.6823,13.7
1.4081,0.6833,13.72
1.4077,0.6842,13.74
1.4071,0.6851,13.76
1.4072,0.6861,13.78
1.408,0.6872,13.8
1.4092,0.6883,13.82
1.4105,0.6893,13.84
1.4112,0.6903,13.86
1.4111,0.6913,13.88
1.4113,0.6924,13.9
1.4117,0.6933,13.92
1.4113,0.6942,13.94
1.4111,0.6953,13.96
1.4121,0.6963,13.98
1.4133,0.6974,14
1.4141,0.6984,14.02
1.4143,0.6993,14.04
1.4139,0.7002,14.06
1.4136,0.7012,14.08
1.4142,0.7022,14.1
1.4148,0.7032,14.12
1.4151,0.7042,14.14
1.4157,0.7052,14.16
1.4167,0.7062,14.18
1.4173,0.7072,14.2
1.4176,0.7082,14.22
1.4177,0.7092,14.24
1.4179,0.7101,14.26
1.4181,0.7111,14.28
1.4186,0.7122,14.3
1.4198,0.7132,14.32
1.4206,0.7142,14.34
1.4209,0.7152,14.36
1.4212,0.7162,14.38
1.4215,0.7172,14.4
1.4218,0.7182,14.42
1.4225,0.7193,14.44
1.4232,0.7203,14.46
1.4234,0.7213,14.48
1.4239,0.7224,14.5
1.4247,0.7234,14.52
1.4246,0.7243,14.54
1.4241,0.7253,14.56
1.4242,0.7262,14.58
1.4247,0.7272,14.6
1.4254,0.7283,14.62
1.4262,0.7293,14.64
1.4265,0.7302,14.66
1.4264,0.7311,14.68
1.4265,0.7322,14.7
1.4271,0.7331,14.72
1.4276,0.7341,14.74
1.4279,0.7351,14.76
1.4287,0.7362,14.78
1.43,0.7372,14.8
1.4309,0.7382,14.82
1.4311,0.7392,14.84
1.4308,0.7401,14.86
1.4304,0.7411,14.88
1.4304,0.7421,14.9
1.4315,0.7432,14.92
1.4324,0.7442,14.94
1.4329,0.7452,14.96
1.434,0.7463,14.98
1.4345,0.7473,15
1.4342,0.7483,15.02
1.4341,0.7492,15.04
1.4342,0.7502,15.06
1.4343,0.7512,15.08
1.4351,0.7523,15.1
1.4366,0.7534,15.12
1.4376,0.7544,15.14
1.4376,0.7554,15.16
1.4373,0.7564,15.18
1.4369,0.7573,15.2
1.4367,0.7583,15.22
1.4369,0.7593,15.24
1.4376,0.7602,15.26
1.4382,0.7612,15.28
1.4389,0.7623,15.3
1.4399,0.7633,15.32
1.4402,0.7642,15.34
1.4397,0.7651,15.36
1.4397,0.7661,15.38
1.4401,0.7671,15.4
1.4408,0.7681,15.42
1.4417,0.7692,15.44
1.4426,0.7702,15.46
1.4428,0.7711,15.48
1.4429,0.7722,15.5
1.4435,0.7732,15.52
1.4437,0.7741,15.54
1.4434,0.7751,15.56
1.4438,0.7761,15.58
1.445,0.7772,15.6
1.4463,0.7783,15.62
1.4471,0.7793,15.64
1.4473,0.7803,15.66
1.447,0.7813,15.68
1.4469,0.7824,15.7
1.4475,0.7834,15.72
1.4479,0.7843,15.74
1.448,0.7854,15.76
1.4484,0.7864,15.78
1.4488,0.7873,15.8
1.4487,0.7883,15.82
1.4487,0.7892,15.84
1.4488,0.7902,15.86
1.4489,0.7911,15.88
1.4493,0.7922,15.9
1.4505,0.7932,15.92
1.4514,0.7942,15.94
1.4516,0.7952,15.96
1.4517,0.7962,15.98
1.452,0.7972,16
1.4522,0.7981,16.02
1.4526,0.7992,16.04
1.4533,0.8002,16.06
1.4538,0.8012,16.08
1.4543,0.8023,16.1
1.4552,0.8033,16.12
1.4556,0.8042,16.14
1.455,0.8052,16.16
1.4549,0.8062,16.18
1.4554,0.8072,16.2
1.4562,0.8083,16.22
1.4571,0.8093,16.24
1.4578,0.8103,16.26
1.4575,0.8113,16.28
1.4574,0.8123,16.3
1.4579,0.8133,16.32
1.4581,0.8143,16.34
1.458,0.8153,16.36
1.4585,0.8163,16.38
1.4596,0.8174,16.4
1.4604,0.8184,16.42
1.4605,0.8193,16.44
1.4601,0.8202,16.46
1.4595,0.8212,16.48
1.4594,0.8221,16.5
1.4601,0.8232,16.52
1.4611,0.8241,16.54
1.4617,0.8252,16.56
1.4625,0.8262,16.58
1.4634,0.8272,16.6
1.4636,0.8282,16.62
1.4632,0.8291,16.64
1.463,0.8301,16.66
1.463,0.831,16.68
1.4633,0.8321,16.7
1.4645,0.8332,16.72
1.4658,0.8342,16.74
1.4663,0.8352,16.76
1.4665,0.8362,16.78
1.4666,0.8372,16.8
1.4665,0.8382,16.82
1.4667,0.8393,16.84
1.4673,0.8403,16.86
1.4678,0.8413,16.88
1.4684,0.8424,16.9
1.4692,0.8435,16.92
1.4694,0.8444,16.94
1.4687,0.8453,16.96
1.4683,0.8463,16.98
1.4682,0.8473,17
1.4685,0.8483,17.02
1.4693,0.8493,17.04
1.47,0.8503,17.06
1.4702,0.8512,17.08
1.4702,0.8522,17.1
1.4707,0.8532,17.12
1.471,0.8541,17.14
1.4708,0.855,17.16
1.471,0.8561,17.18
1.4721,0.8571,17.2
1.4733,0.8582,17.22
1.474,0.8592,17.24
1.474,0.8602,17.26
1.4737,0.8611,17.28
1.4734,0.8621,17.3
1.4741,0.8632,17.32
1.4749,0.8641,17.34
1.475,0.8652,17.36
1.4755,0.8662,17.38
1.4762,0.8672,17.4
1.4764,0.8682,17.42
1.4764,0.8692,17.44
1.4765,0.8702,17.46
1.4766,0.8712,17.48
1.477,0.8723,17.5
1.4781,0.8734,17.52
1.4791,0.8744,17.54
1.4792,0.8754,17.56
1.4789,0.8764,17.58
1.4785,0.8773,17.6
1.4783,0.8783,17.62
1.4784,0.8793,17.64
1.4788,0.8803,17.66
1.4795,0.8813,17.68
1.48,0.8823,17.7
1.4808,0.8833,17.72
1.4811,0.8842,17.74
1.4805,0.8852,17.76
1.4802,0.8861,17.78
1.4807,0.8871,17.8
1.4814,0.8881,17.82
1.4822,0.8892,17.84
1.4831,0.8902,17.86
1.4832,0.8911,17.88
1.4829,0.8921,17.9
1.4831,0.8932,17.92
1.4834,0.8941,17.94
1.4835,0.895,17.96
1.4837,0.8961,17.98
1.4847,0.8972,18
1.4859,0.8983,18.02
1.4867,0.8993,18.04
1.4867,0.9003,18.06
1.4862,0.9012,18.08
1.4857,0.9022,18.1
1.4859,0.9033,18.12
1.4866,0.9043,18.14
1.4869,0.9053,18.16
1.4873,0.9063,18.18
1.4879,0.9073,18.2
1.4878,0.9083,18.22
1.4874,0.9092,18.24
1.4871,0.9101,18.26
1.4871,0.9111,18.28
1.4873,0.9121,18.3
1.4882,0.9132,18.32
1.4897,0.9142,18.34
1.4903,0.9152,18.36
1.4903,0.9162,18.38
1.4905,0.9172,18.4
1.4905,0.9181,18.42
1.4905,0.9191,18.44
1.4909,0.9202,18.46
1.4913,0.9212,18.48
1.4917,0.9222,18.5
1.4925,0.9233,18.52
1.4931,0.9243,18.54
1.4928,0.9252,18.56
1.4922,0.9262,18.58
1.4922,0.9272,18.6
1.4928,0.9282,18.62
1.4937,0.9293,18.64
1.4948,0.9303,18.66
1.4953,0.9313,18.68
1.495,0.9323,18.7
1.4949,0.9334,18.72
1.4954,0.9343,18.74
1.4953,0.9353,18.76
1.495,0.9363,18.78
1.4956,0.9374,18.8
1.4964,0.9384,18.82
1.497,0.9394,18.84
1.4969,0.9403,18.86
1.4964,0.9412,18.88
1.4958,0.9422,18.9
1.496,0.9432,18.92
1.4969,0.9442,18.94
1.4975,0.9451,18.96
1.4979,0.9462,18.98
1.4987,0.9472,19
1.4991,0.9482,19.02
1.499,0.9491,19.04
1.4988,0.9501,19.06
1.4987,0.951,19.08
1.4988,0.952,19.1
1.4994,0.9531,19.12
1.5008,0.9542,19.14
1.5016,0.9552,19.16
1.5016,0.9562,19.18
1.5016,0.9572,19.2
1.5015,0.9582,19.22
1.5015,0.9592,19.24
1.502,0.9603,19.26
1.5026,0.9613,19.28
1.5029,0.9623,19.3
1.5035,0.9635,19.32
1.504,0.9644,19.34
1.5037,0.9654,19.36
1.5031,0.9663,19.38
1.5029,0.9673,19.4
1.5031,0.9683,19.42
1.5034,0.9693,19.44
1.5042,0.9703,19.46
1.5046,0.9713,19.48
1.5044,0.9722,19.5
1.5044,0.9732,19.52
1.5049,0.9742,19.54
1.5051,0.9751,19.56
1.505,0.9761,19.58
1.5056,0.9772,19.6
1.5066,0.9782,19.62
1.5074,0.9792,19.64
1.5077,0.9802,19.66
1.5075,0.9812,19.68
1.507,0.9821,19.7
1.507,0.9832,19.72
1.5078,0.9842,19.74
1.5083,0.9852,19.76
1.5085,0.9862,19.78
1.5092,0.9873,19.8
1.5098,0.9883,19.82
1.51,0.9893,19.84
1.5098,0.9903,19.86
1.5096,0.9912,19.88
1.5094,0.9922,19.9
1.5099,0.9933,19.92
1.511,0.9944,19.94
1.5118,0.9954,19.96
1.5116,0.9964,19.98
1.5113,0.9974,20
1.5111,0.9983,20.02
1.5108,0.9992,20.04
1.5109,1.0002,20.06
1.5112,1.0012,20.08
1.5117,1.0022,20.1
1.5122,1.0033,20.12
1.5129,1.0043,20.14
1.5131,1.0052,20.16
1.5128,1.0061,20.18
1.5129,1.0072,20.2
1.5133,1.0082,20.22
1.5139,1.0092,20.24
1.5145,1.0102,20.26
1.5149,1.0112,20.28
1.5149,1.0122,20.3
1.5147,1.0132,20.32
1.5151,1.0142,20.34
1.5154,1.0151,20.36
1.5153,1.0161,20.38
1.5157,1.0172,20.4
1.5165,1.0183,20.42
1.5173,1.0193,20.44
1.5177,1.0204,20.46
1.5176,1.0213,20.48
1.5171,1.0223,20.5
1.517,1.0233,20.52
1.5177,1.0244,20.54
1.5182,1.0253,20.56
1.5184,1.0264,20.58
1.5187,1.0274,20.6
1.5188,1.0283,20.62
1.5184,1.0293,20.64
1.5181,1.0302,20.66
1.5181,1.0311,20.68
1.518,1.0321,20.7
1.5184,1.0331,20.72
1.5195,1.0342,20.74
1.5207,1.0352,20.76
1.5208,1.0362,20.78
1.5206,1.0372,20.8
1.5206,1.0381,20.82
1.5206,1.0391,20.84
1.5206,1.0401,20.86
1.5211,1.0411,20.88
1.5216,1.0422,20.9
1.5223,1.0432,20.92
1.5231,1.0443,20.94
1.5232,1.0452,20.96
1.5225,1.0461,20.98
1.522,1.0471,21
1.5223,1.0481,21.02
1.523,1.0492,21.04
1.5239,1.0503,21.06
1.5249,1.0513,21.08
1.525,1.0523,21.1
1.5246,1.0533,21.12
1.5246,1.0543,21.14
1.5245,1.0552,21.16
1.5241,1.0562,21.18
1.5243,1.0573,21.2
1.5249,1.0583,21.22
1.5257,1.0593,21.24
1.5261,1.0603,21.26
1.526,1.0613,21.28
1.5254,1.0622,21.3
1.5251,1.0632,21.32
1.5255,1.0642,21.34
1.5262,1.0651,21.36
1.5265,1.0661,21.38
1.5269,1.0672,21.4
1.5276,1.0682,21.42
1.5278,1.0692,21.44
1.5278,1.0701,21.46
1.5276,1.0711,21.48
1.5275,1.072,21.5
1.5276,1.0731,21.52
1.5285,1.0742,21.54
1.5295,1.0752,21.56
1.5296,1.0762,21.58
1.5294,1.0772,21.6
1.5296,1.0782,21.62
1.5297,1.0792,21.64
1.53,1.0802,21.66
1.5304,1.0813,21.68
1.5307,1.0823,21.7
1.5311,1.0834,21.72
1.5318,1.0844,21.74
1.5319,1.0853,21.76
1.531,1.0863,21.78
1.5305,1.0873,21.8
1.5305,1.0882,21.82
1.5308,1.0892,21.84
1.5314,1.0903,21.86
1.5321,1.0913,21.88
1.5322,1.0922,21.9
1.5319,1.0932,21.92
1.532,1.0942,21.94
1.5323,1.0951,21.96
1.5322,1.0961,21.98
1.5324,1.0971,22
1.5332,1.0982,22.02
1.5341,1.0992,22.04
1.5347,1.1002,22.06
1.5347,1.1012,22.08
1.5342,1.1021,22.1
1.5337,1.1031,22.12
1.534,1.1042,22.14
1.5349,1.1052,22.16
1.5351,1.1062,22.18
1.5355,1.1073,22.2
1.5361,1.1083,22.22
1.5364,1.1093,22.24
1.5362,1.1103,22.26
1.536,1.1112,22.28
1.5359,1.1122,22.3
1.536,1.1133,22.32
1.537,1.1144,22.34
1.5382,1.1154,22.36
1.538,1.1164,22.38
1.5374,1.1174,22.4
1.5371,1.1183,22.42
1.5367,1.1193,22.44
1.5367,1.1202,22.46
1.5371,1.1212,22.48
1.5375,1.1222,22.5
1.538,1.1233,22.52
1.5387,1.1243,22.54
1.5391,1.1252,22.56
1.5385,1.1261,22.58
1.5381,1.1271,22.6
1.5383,1.1281,22.62
1.5388,1.1291,22.64
1.5394,1.1301,22.66
1.5402,1.1312,22.68
1.5405,1.1321,22.7
1.5403,1.1331,22.72
1.5402,1.1342,22.74
1.5405,1.1351,22.76
1.5404,1.136,22.78
1.5404,1.1371,22.8
1.541,1.1382,22.82
1.5421,1.1393,22.84
1.5428,1.1403,22.86
1.5432,1.1413,22.88
1.5427,1.1423,22.9
1.542,1.1433,22.92
1.5421,1.1443,22.94
1.5427,1.1453,22.96
1.5429,1.1463,22.98
1.5431,1.1474,23
1.5435,1.1484,23.02
1.5433,1.1493,23.04
1.5431,1.1503,23.06
1.5427,1.1512,23.08
1.5424,1.1521,23.1
1.5425,1.1531,23.12
1.5431,1.1542,23.14
1.5443,1.1552,23.16
1.5449,1.1562,23.18
1.5447,1.1572,23.2
1.5446,1.1582,23.22
1.5448,1.1591,23.24
1.5447,1.1601,23.26
1.545,1.1611,23.28
1.5455,1.1621,23.3
1.5458,1.1632,23.32
1.5464,1.1643,23.34
1.547,1.1652,23.36
1.5467,1.1662,23.38
1.5461,1.1672,23.4
1.5461,1.1682,23.42
1.5465,1.1692,23.44
1.5471,1.1703,23.46
1.5479,1.1713,23.48
1.5483,1.1723,23.5
1.548,1.1733,23.52
1.5478,1.1743,23.54
1.5479,1.1753,23.56
1.5478,1.1763,23.58
1.5475,1.1773,23.6
1.5479,1.1783,23.62
1.5486,1.1794,23.64
1.549,1.1804,23.66
1.549,1.1813,23.68
1.5485,1.1822,23.7
1.5478,1.1831,23.72
1.548,1.1842,23.74
1.5488,1.1852,23.76
1.5493,1.1861,23.78
1.5495,1.1872,23.8
1.5502,1.1882,23.82
1.5506,1.1892,23.84
1.5503,1.1902,23.86
1.55,1.1911,23.88
1.5499,1.1921,23.9
1.5499,1.1931,23.92
1.5505,1.1942,23.94
1.5517,1.1952,23.96
1.5523,1.1962,23.98
1.5522,1.1972,24
1.5521,1.1982,24.02
1.5519,1.1992,24.04
1.5518,1.2002,24.06
1.5522,1.2013,24.08
1.5528,1.2023,24.1
1.5531,1.2033,24.12
1.5536,1.2044,24.14
1.554,1.2054,24.16
1.5536,1.2063,24.18
1.5528,1.2073,24.2
1.5525,1.2083,24.22
1.5527,1.2092,24.24
1.553,1.2102,24.26
1.5536,1.2113,24.28
1.5542,1.2122,24.3
1.554,1.2132,24.32
1.5537,1.2142,24.34
1.5538,1.2151,24.36
1.5539,1.2161,24.38
1.5539,1.2171,24.4
1.5543,1.2181,24.42
1.5552,1.2192,24.44
1.5559,1.2202,24.46
1.5563,1.2212,24.48
1.5561,1.2222,24.5
1.5556,1.2231,24.52
1.5553,1.2241,24.54
1.5558,1.2252,24.56
1.5562,1.2261,24.58
1.5565,1.2272,24.6
1.5571,1.2283,24.62
1.5575,1.2293,24.64
1.5574,1.2303,24.66
1.5572,1.2313,24.68
1.5572,1.2322,24.7
1.557,1.2332,24.72
1.5573,1.2343,24.74
1.5583,1.2354,24.76
1.5591,1.2364,24.78
1.5588,1.2374,24.8
1.5583,1.2384,24.82
1.558,1.2393,24.84
1.5577,1.2403,24.86
1.5577,1.2413,24.88
1.5578,1.2422,24.9
1.5579,1.2432,24.92
1.5584,1.2443,24.94
1.5592,1.2453,24.96
1.5594,1.2462,24.98
1.5589,1.2471,25
1.5587,1.2481,25.02
1.5591,1.2491,25.04
1.5596,1.2501,25.06
1.5602,1.2512,25.08
1.5606,1.2522,25.1
1.5606,1.2531,25.12
1.5604,1.2541,25.14
1.5606,1.2551,25.16
1.561,1.2561,25.18
1.5608,1.2571,25.2
1.5608,1.2582,25.22
1.5616,1.2592,25.24
1.5625,1.2603,25.26
1.5629,1.2613,25.28
1.5627,1.2623,25.3
1.562,1.2632,25.32
1.5617,1.2643,25.34
1.5623,1.2654,25.36
1.5629,1.2663,25.38
1.5628,1.2674,25.4
1.5629,1.2684,25.42
1.563,1.2693,25.44
1.5626,1.2703,25.46
1.5622,1.2712,25.48
1.5621,1.2721,25.5
1.5621,1.2731,25.52
1.5623,1.2741,25.54
1.5633,1.2752,25.56
1.5642,1.2762,25.58
1.5643,1.2772,25.6
1.564,1.2782,25.62
1.5641,1.2791,25.64
1.5641,1.2801,25.66
1.5642,1.2811,25.68
1.5646,1.2822,25.7
1.5649,1.2832,25.72
1.5653,1.2842,25.74
1.5659,1.2853,25.76
1.566,1.2862,25.78
1.5653,1.2872,25.8
1.5648,1.2882,25.82
1.5651,1.2892,25.84
1.5656,1.2902,25.86
1.5664,1.2913,25.88
1.5672,1.2923,25.9
1.5672,1.2933,25.92
1.5668,1.2943,25.94
1.5668,1.2954,25.96
1.5668,1.2963,25.98
1.5663,1.2972,26
1.5663,1.2983,26.02
1.5669,1.2993,26.04
1.5675,1.3004,26.06
1.5677,1.3013,26.08
1.5673,1.3022,26.1
1.5666,1.3031,26.12
1.5663,1.3041,26.14
1.5667,1.3051,26.16
1.5674,1.3061,26.18
1.5677,1.3071,26.2
1.5682,1.3082,26.22
1.5687,1.3092,26.24
1.5687,1.3101,26.26
1.5685,1.3111,26.28
1.5684,1.3121,26.3
1.5683,1.313,26.32
1.5683,1.3141,26.34
1.5693,1.3152,26.36
1.5703,1.3162,26.38
1.5704,1.3172,26.4
1.5703,1.3182,26.42
1.5702,1.3192,26.44
1.57,1.3202,26.46
1.5699,1.3213,26.48
1.5703,1.3223,26.5
1.5707,1.3233,26.52
1.571,1.3244,26.54
1.5715,1.3255,26.56
1.5717,1.3264,26.58
1.5709,1.3273,26.6
1.5701,1.3283,26.62
1.57,1.3292,26.64
1.5702,1.3302,26.66
1.5708,1.3313,26.68
1.5715,1.3323,26.7
1.5715,1.3332,26.72
1.5712,1.3342,26.74
1.5713,1.3352,26.76
1.5717,1.3361,26.78
1.5715,1.3371,26.8
1.5714,1.3381,26.82
1.572,1.3392,26.84
1.5729,1.3402,26.86
1.5733,1.3412,26.88
1.5732,1.3422,26.9
1.5727,1.3431,26.92
1.5722,1.3441,26.94
1.5726,1.3451,26.96
1.5732,1.3461,26.98
1.5733,1.3471,27
1.5736,1.3482,27.02
1.5742,1.3492,27.04
1.5745,1.3502,27.06
1.5743,1.3512,27.08
1.5741,1.3522,27.1
1.574,1.3532,27.12
1.5738,1.3542,27.14
1.5745,1.3553,27.16
1.5755,1.3564,27.18
1.5756,1.3574,27.2
1.5753,1.3584,27.22
1.5749,1.3593,27.24
1.5745,1.3603,27.26
1.5744,1.3612,27.28
1.5747,1.3622,27.3
1.575,1.3632,27.32
1.5752,1.3642,27.34
1.5756,1.3653,27.36
1.576,1.3662,27.38
1.5756,1.3671,27.4
1.575,1.3681,27.42
1.5752,1.3691,27.44
1.5757,1.3701,27.46
1.5762,1.3712,27.48
1.5769,1.3722,27.5
1.5772,1.3732,27.52
1.5768,1.3742,27.54
1.5767,1.3752,27.56
1.577,1.3762,27.58
1.5767,1.3771,27.6
1.5766,1.3781,27.62
1.5774,1.3792,27.64
1.5783,1.3803,27.66
1.5788,1.3814,27.68
1.5788,1.3823,27.7
1.5782,1.3833,27.72
1.5776,1.3843,27.74
1.5778,1.3853,27.76
1.5784,1.3863,27.78
1.5786,1.3873,27.8
1.5788,1.3884,27.82
1.579,1.3894,27.84
1.5788,1.3903,27.86
1.5781,1.3912,27.88
1.5776,1.3922,27.9
1.5774,1.3931,27.92
1.5775,1.3941,27.94
1.5781,1.3952,27.96
1.5794,1.3962,27.98
1.58,1.3972,28
1.5799,1.3982,28.02
1.5797,1.3992,28.04
1.5795,1.4001,28.06
1.5793,1.4011,28.08
1.5796,1.4021,28.1
1.58,1.4031,28.12
1.5802,1.4042,28.14
1.5808,1.4053,28.16
1.5815,1.4062,28.18
1.5811,1.4071,28.2
1.5803,1.4081,28.22
1.5801,1.4091,28.24
1.5804,1.4102,28.26
1.5811,1.4112,28.28
1.5819,1.4123,28.3
1.5824,1.4133,28.32
1.5821,1.4143,28.34
1.5819,1.4154,28.36
1.5821,1.4163,28.38
1.5818,1.4173,28.4
1.5811,1.4183,28.42
1.5814,1.4193,28.44
1.5822,1.4204,28.46
1.5826,1.4214,28.48
1.5824,1.4223,28.5
1.582,1.4232,28.52
1.5814,1.4242,28.54
1.5814,1.4252,28.56
1.582,1.4262,28.58
1.5824,1.4271,28.6
1.5825,1.4282,28.62
1.5831,1.4292,28.64
1.5836,1.4302,28.66
1.5835,1.4312,28.68
1.5832,1.4321,28.7
1.5831,1.4331,28.72
1.583,1.434,28.74
1.5832,1.4351,28.76
1.584,1.4362,28.78
1.5846,1.4372,28.8
1.5846,1.4382,28.82
1.5845,1.4392,28.84
1.5844,1.4402,28.86
1.5843,1.4412,28.88
1.5845,1.4423,28.9
1.5848,1.4433,28.92
1.5848,1.4443,28.94
1.585,1.4453,28.96
1.5856,1.4464,28.98
1.5855,1.4473,29
1.5847,1.4483,29.02
1.5845,1.4492,29.04
1.5846,1.4502,29.06
1.5849,1.4513,29.08
1.5855,1.4523,29.1
1.5857,1.4532,29.12
1.5852,1.4542,29.14
1.5849,1.4552,29.16
1.5853,1.4562,29.18
1.5855,1.4571,29.2
1.5852,1.4581,29.22
1.5855,1.4592,29.24
1.5864,1.4602,29.26
1.5872,1.4612,29.28
1.5872,1.4622,29.3
1.5867,1.4632,29.32
1.5861,1.4641,29.34
1.586,1.4651,29.36
1.5865,1.4662,29.38
1.5871,1.4672,29.4
1.5873,1.4682,29.42
1.5878,1.4693,29.44
1.5882,1.4703,29.46
1.5879,1.4712,29.48
1.5874,1.4722,29.5
1.5873,1.4732,29.52
1.5872,1.4742,29.54
1.5874,1.4753,29.56
1.5885,1.4764,29.58
1.5894,1.4774,29.6
1.5891,1.4784,29.62
1.5886,1.4793,29.64
1.5879,1.4803,29.66
1.5875,1.4812,29.68
1.5875,1.4822,29.7
1.5879,1.4832,29.72
1.5883,1.4842,29.74
1.5887,1.4853,29.76
1.5894,1.4863,29.78
1.5895,1.4872,29.8
1.5887,1.4881,29.82
1.5882,1.4891,29.84
1.5883,1.4901,29.86
1.5888,1.4911,29.88
1.5895,1.4922,29.9
1.59,1.4932,29.92
1.5901,1.4942,29.94
1.5899,1.4952,29.96
1.5901,1.4962,29.98
1.5901,1.4971,30
1.5896,1.4981,30.02
1.5895,1.4992,30.04
1.5903,1.5002,30.06
1.5912,1.5013,30.08
1.5916,1.5023,30.1
1.5916,1.5033,30.12
1.591,1.5043,30.14
1.5905,1.5053,30.16
1.5909,1.5064,30.18
1.5913,1.5073,30.2
1.591,1.5084,30.22
1.5912,1.5094,30.24
1.5914,1.5104,30.26
1.5912,1.5113,30.28
1.5907,1.5123,30.3
1.5905,1.5132,30.32
1.5904,1.5141,30.34
1.5906,1.5152,30.36
1.5913,1.5162,30.38
1.592,1.5172,30.4
1.592,1.5182,30.42
1.5918,1.5192,30.44
1.5917,1.5201,30.46
1.5919,1.5211,30.48
1.5921,1.5221,30.5
1.5925,1.5232,30.52
1.5928,1.5241,30.54
1.5929,1.5252,30.56
1.5932,1.5263,30.58
1.5933,1.5272,30.6
1.5926,1.5281,30.62
1.5923,1.5292,30.64
1.5928,1.5302,30.66
1.5934,1.5312,30.68
1.5941,1.5323,30.7
1.5945,1.5333,30.72
1.5941,1.5343,30.74
1.5935,1.5353,30.76
1.5936,1.5363,30.78
1.5938,1.5373,30.8
1.5935,1.5383,30.82
1.5935,1.5393,30.84
1.5942,1.5404,30.86
1.5948,1.5414,30.88
1.5946,1.5424,30.9
1.594,1.5433,30.92
1.5933,1.5442,30.94
1.5928,1.5452,30.96
1.5934,1.5462,30.98
1.5941,1.5472,31
1.5945,1.5482,31.02
1.5947,1.5493,31.04
1.5953,1.5503,31.06
1.5952,1.5512,31.08
1.5946,1.5521,31.1
1.5942,1.5531,31.12
1.594,1.554,31.14
1.5941,1.5551,31.16
1.5951,1.5562,31.18
1.5964,1.5573,31.2
1.5967,1.5583,31.22
1.5964,1.5593,31.24
1.5961,1.5602,31.26
1.5956,1.5612,31.28
1.5955,1.5622,31.3
1.5959,1.5633,31.32
1.5962,1.5643,31.34
1.5964,1.5654,31.36
1.5971,1.5665,31.38
1.5973,1.5674,31.4
1.5965,1.5683,31.42
1.5956,1.5693,31.44
1.5953,1.5702,31.46
1.5954,1.5712,31.48
1.596,1.5723,31.5
1.5966,1.5733,31.52
1.5969,1.5742,31.54
1.5967,1.5752,31.56
1.5967,1.5762,31.58
1.5969,1.5772,31.6
1.5965,1.5781,31.62
1.5961,1.5791,31.64
1.5966,1.5801,31.66
1.5975,1.5812,31.68
1.5981,1.5822,31.7
1.5983,1.5832,31.72
1.598,1.5841,31.74
1.5973,1.5851,31.76
1.5974,1.5862,31.78
1.5979,1.5872,31.8
1.5979,1.5882,31.82
1.5981,1.5893,31.84
1.5987,1.5903,31.86
1.5989,1.5913,31.88
1.5987,1.5923,31.9
1.5986,1.5933,31.92
1.5983,1.5942,31.94
1.5982,1.5953,31.96
1.5988,1.5964,31.98
1.5996,1.5974,32
1.5996,1.5984,32.02
1.5991,1.5994,32.04
1.5988,1.6004,32.06
1.5986,1.6013,32.08
1.5984,1.6023,32.1
1.5986,1.6033,32.12
1.5987,1.6042,32.14
1.5986,1.6052,32.16
1.5988,1.6063,32.18
1.5992,1.6072,32.2
1.5988,1.6081,32.22
1.5982,1.6091,32.24
1.5985,1.6101,32.26
1.599,1.6111,32.28
1.5995,1.6121,32.3
1.6002,1.6131,32.32
1.6003,1.6141,32.34
1.5998,1.6151,32.36
1.5997,1.6161,32.38
1.6002,1.6171,32.4
1.6002,1.618,32.42
1.5999,1.6191,32.44
1.6005,1.6202,32.46
1.6014,1.6213,32.48
1.602,1.6223,32.5
1.6019,1.6233,32.52
1.6011,1.6242,32.54
1.6005,1.6252,32.56
1.6006,1.6263,32.58
1.6012,1.6273,32.6
1.6015,1.6283,32.62
1.6016,1.6294,32.64
1.6018,1.6304,32.66
1.6016,1.6313,32.68
1.6007,1.6322,32.7
1.6002,1.6332,32.72
1.6001,1.6341,32.74
1.6001,1.6351,32.76
1.6008,1.6362,32.78
1.6021,1.6372,32.8
1.6027,1.6382,32.82
1.6025,1.6392,32.84
1.6022,1.6402,32.86
1.6017,1.6411,32.88
1.6014,1.6421,32.9
1.6017,1.6431,32.92
1.602,1.6441,32.94
1.6023,1.6452,32.96
1.6027,1.6463,32.98
1.6033,1.6473,33
1.6032,1.6482,33.02
1.6023,1.6492,33.04
1.6018,1.6502,33.06
1.602,1.6512,33.08
1.6027,1.6523,33.1
1.6036,1.6533,33.12
1.604,1.6543,33.14
1.6036,1.6553,33.16
1.6034,1.6564,33.18
1.6035,1.6574,33.2
1.6031,1.6582,33.22
1.6024,1.6593,33.24
1.6026,1.6603,33.26
1.6033,1.6613,33.28
1.6037,1.6623,33.3
1.6037,1.6633,33.32
1.6033,1.6642,33.34
1.6026,1.6651,33.36
1.6025,1.6662,33.38
1.6031,1.6672,33.4
1.6034,1.6681,33.42
1.6035,1.6692,33.44
1.6041,1.6702,33.46
1.6045,1.6712,33.48
1.6044,1.6721,33.5
1.6039,1.6731,33.52
1.6037,1.6741,33.54
1.6037,1.6751,33.56
1.604,1.6761,33.58
1.6049,1.6772,33.6
1.6055,1.6782,33.62
1.6053,1.6792,33.64
1.6051,1.6802,33.66
1.605,1.6812,33.68
1.6048,1.6822,33.7
1.605,1.6833,33.72
1.6054,1.6843,33.74
1.6055,1.6853,33.76
1.6056,1.6864,33.78
1.6061,1.6874,33.8
1.6059,1.6883,33.82
1.6051,1.6893,33.84
1.6046,1.6903,33.86
1.6046,1.6913,33.88
1.6048,1.6923,33.9
1.6054,1.6933,33.92
1.6058,1.6942,33.94
1.6054,1.6952,33.96
1.605,1.6962,33.98
1.6053,1.6972,34
1.6055,1.6981,34.02
1.6053,1.6991,34.04
1.6055,1.7002,34.06
1.6064,1.7012,34.08
1.607,1.7023,34.1
1.607,1.7032,34.12
1.6065,1.7042,34.14
1.6058,1.7051,34.16
1.6056,1.7061,34.18
1.6061,1.7072,34.2
1.6067,1.7082,34.22
1.6068,1.7092,34.24
1.6073,1.7103,34.26
1.6078,1.7113,34.28
1.6075,1.7123,34.3
1.6068,1.7133,34.32
1.6065,1.7142,34.34
1.6064,1.7152,34.36
1.6067,1.7163,34.38
1.6077,1.7174,34.4
1.6084,1.7184,34.42
1.6081,1.7194,34.44
1.6077,1.7204,34.46
1.6071,1.7213,34.48
1.6066,1.7223,34.5
1.6065,1.7233,34.52
1.6068,1.7242,34.54
1.607,1.7252,34.56
1.6074,1.7263,34.58
1.6081,1.7273,34.6
1.6082,1.7282,34.62
1.6075,1.7292,34.64
1.607,1.7301,34.66
1.6071,1.7311,34.68
1.6074,1.7321,34.7
1.608,1.7332,34.72
1.6084,1.7342,34.74
1.6084,1.7351,34.76
1.6082,1.7362,34.78
1.6083,1.7372,34.8
1.6085,1.7381,34.82
1.6081,1.7391,34.84
1.6081,1.7402,34.86
1.6089,1.7413,34.88
1.6097,1.7423,34.9
1.61,1.7434,34.92
1.6098,1.7443,34.94
1.6091,1.7453,34.96
1.6086,1.7463,34.98
1.6089,1.7474,35
1.6094,1.7483,35.02
1.6093,1.7494,35.04
1.6095,1.7504,35.06
1.6096,1.7513,35.08
1.609,1.7523,35.1
1.6085,1.7532,35.12
1.6084,1.7542,35.14
1.6084,1.7551,35.16
1.6085,1.7561,35.18
1.6094,1.7572,35.2
1.6101,1.7582,35.22
1.6101,1.7592,35.24
1.6097,1.7602,35.26
1.6096,1.7611,35.28
1.6094,1.7621,35.3
1.6094,1.7631,35.32
1.6098,1.7641,35.34
1.6102,1.7652,35.36
1.6105,1.7662,35.38
1.611,1.7673,35.4
1.6112,1.7682,35.42
1.6103,1.7692,35.44
1.6097,1.7702,35.46
1.6098,1.7712,35.48
1.6103,1.7722,35.5
1.611,1.7733,35.52
1.6117,1.7744,35.54
1.6116,1.7753,35.56
1.611,1.7764,35.58
1.6109,1.7774,35.6
1.6109,1.7783,35.62
1.6104,1.7793,35.64
1.6103,1.7803,35.66
1.6108,1.7814,35.68
1.6114,1.7824,35.7
1.6116,1.7834,35.72
1.6111,1.7843,35.74
1.6103,1.7852,35.76
1.6098,1.7861,35.78
1.6101,1.7872,35.8
1.6107,1.7881,35.82
1.611,1.7891,35.84
1.6114,1.7902,35.86
1.612,1.7912,35.88
1.6121,1.7922,35.9
1.6117,1.7931,35.92
1.6113,1.7941,35.94
1.611,1.795,35.96
1.6109,1.7961,35.98
1.6116,1.7972,36
1.6126,1.7982,36.02
1.6129,1.7992,36.04
1.6126,1.8002,36.06
1.6124,1.8012,36.08
1.612,1.8022,36.1
1.612,1.8032,36.12
1.6125,1.8043,36.14
1.6127,1.8053,36.16
1.6128,1.8064,36.18
1.6132,1.8075,36.2
1.6132,1.8084,36.22
1.6123,1.8093,36.24
1.6115,1.8103,36.26
1.6112,1.8112,36.28
1.6115,1.8122,36.3
1.6121,1.8133,36.32
1.6125,1.8143,36.34
1.6126,1.8152,36.36
1.6122,1.8162,36.38
1.6122,1.8172,36.4
1.6126,1.8181,36.42
1.6125,1.8191,36.44
1.6121,1.8201,36.46
1.6127,1.8212,36.48
1.6136,1.8222,36.5
1.6139,1.8232,36.52
1.6139,1.8242,36.54
1.6134,1.8251,36.56
1.6128,1.8261,36.58
1.6129,1.8272,36.6
1.6134,1.8282,36.62
1.6135,1.8292,36.64
1.6137,1.8303,36.66
1.6141,1.8313,36.68
1.6142,1.8323,36.7
1.614,1.8333,36.72
1.6137,1.8342,36.74
1.6133,1.8352,36.76
1.6132,1.8362,36.78
1.6137,1.8374,36.8
1.6146,1.8384,36.82
1.6149,1.8394,36.84
1.6146,1.8404,36.86
1.6141,1.8413,36.88
1.6135,1.8423,36.9
1.6132,1.8432,36.92
1.6134,1.8442,36.94
1.6136,1.8452,36.96
1.6138,1.8462,36.98
1.6143,1.8473,37
1.6146,1.8482,37.02
1.6142,1.8491,37.04
1.6136,1.8501,37.06
1.6136,1.8511,37.08
1.6137,1.8521,37.1
1.6143,1.8531,37.12
1.615,1.8542,37.14
1.6153,1.8552,37.16
1.615,1.8562,37.18
1.6149,1.8572,37.2
1.6151,1.8582,37.22
1.6148,1.8591,37.24
1.6144,1.8601,37.26
1.6148,1.8612,37.28
1.6157,1.8623,37.3
1.6163,1.8634,37.32
1.6164,1.8644,37.34
1.6158,1.8653,37.36
1.6149,1.8663,37.38
1.6147,1.8673,37.4
1.6152,1.8683,37.42
1.6154,1.8693,37.44
1.6154,1.8704,37.46
1.6158,1.8714,37.48
1.6157,1.8723,37.5
1.6153,1.8733,37.52
1.6148,1.8742,37.54
1.6144,1.8751,37.56
1.6141,1.8761,37.58
1.6146,1.8772,37.6
1.6156,1.8782,37.62
1.6162,1.8792,37.64
1.616,1.8802,37.66
1.6158,1.8812,37.68
1.6156,1.8821,37.7
1.6153,1.8831,37.72
1.6154,1.8841,37.74
1.6158,1.8851,37.76
1.616,1.8861,37.78
1.6163,1.8872,37.8
1.6169,1.8882,37.82
1.6167,1.8892,37.84
1.6158,1.8901,37.86
1.6155,1.8911,37.88
1.6158,1.8921,37.9
1.6164,1.8932,37.92
1.6172,1.8943,37.94
1.6176,1.8953,37.96
1.6172,1.8963,37.98
1.6171,1.8973,38
1.6172,1.8983,38.02
1.6169,1.8993,38.04
1.6162,1.9003,38.06
1.6163,1.9013,38.08
1.6169,1.9024,38.1
1.6174,1.9034,38.12
1.6172,1.9043,38.14
1.6165,1.9052,38.16
1.6159,1.9062,38.18
1.6157,1.9072,38.2
1.6163,1.9082,38.22
1.6167,1.9092,38.24
1.6167,1.9102,38.26
1.6173,1.9113,38.28
1.6177,1.9122,38.3
1.6174,1.9132,38.32
1.6169,1.9142,38.34
1.6165,1.9151,38.36
1.6163,1.9161,38.38
1.6166,1.9171,38.4
1.6176,1.9182,38.42
1.6183,1.9192,38.44
1.6181,1.9202,38.46
1.6178,1.9212,38.48
1.6175,1.9222,38.5
1.6174,1.9232,38.52
1.6175,1.9242,38.54
1.6179,1.9253,38.56
1.6182,1.9263,38.58
1.6184,1.9274,38.6
1.6188,1.9284,38.62
1.6185,1.9293,38.64
1.6176,1.9303,38.66
1.6172,1.9313,38.68
1.6171,1.9322,38.7
1.6172,1.9332,38.72
1.6177,1.9343,38.74
1.6181,1.9352,38.76
1.6178,1.9362,38.78
1.6174,1.9372,38.8
1.6176,1.9382,38.82
1.6178,1.9391,38.84
1.6176,1.94,38.86
1.6177,1.9411,38.88
1.6185,1.9422,38.9
1.6193,1.9432,38.92
1.6195,1.9442,38.94
1.619,1.9452,38.96
1.6183,1.9461,38.98
1.6179,1.9471,39
1.6183,1.9482,39.02
1.6188,1.9492,39.04
1.6188,1.9502,39.06
1.619,1.9513,39.08
1.6195,1.9523,39.1
1.6195,1.9533,39.12
1.6191,1.9543,39.14
1.6188,1.9552,39.16
1.6186,1.9562,39.18
1.6185,1.9573,39.2
1.6193,1.9584,39.22
1.6201,1.9594,39.24
1.6199,1.9604,39.26
1.6195,1.9614,39.28
1.619,1.9623,39.3
1.6186,1.9633,39.32
1.6184,1.9643,39.34
1.6185,1.9652,39.36
1.6186,1.9662,39.38
1.6189,1.9673,39.4
1.6194,1.9683,39.42
1.6196,1.9692,39.44
1.6189,1.9701,39.46
1.6186,1.9711,39.48
1.6188,1.9721,39.5
1.6191,1.9731,39.52
1.6194,1.9742,39.54
1.6199,1.9752,39.56
1.62,1.9761,39.58
1.6196,1.9771,39.6
1.6195,1.9782,39.62
1.6197,1.9791,39.64
1.6194,1.9801,39.66
1.6193,1.9811,39.68
1.62,1.9822,39.7
1.6207,1.9833,39.72
1.6211,1.9843,39.74
1.6209,1.9853,39.76
1.6201,1.9862,39.78
1.6196,1.9873,39.8
1.62,1.9884,39.82
1.6206,1.9893,39.84
1.6206,1.9904,39.86
1.6205,1.9914,39.88
1.6205,1.9924,39.9
1.6201,1.9933,39.92
1.6195,1.9943,39.94
1.6192,1.9952,39.96
1.619,1.9961,39.98
1.6192,1.9971,40
1.6199,1.9982,40.02
1.6208,1.9992,40.04
1.6209,2.0002,40.06
1.6206,2.0012,40.08
1.6205,2.0022,40.1
1.6203,2.0031,40.12
1.62,2.0041,40.14
1.6202,2.0051,40.16
1.6205,2.0061,40.18
1.6208,2.0072,40.2
1.6214,2.0083,40.22
1.6216,2.0092,40.24
1.6209,2.0101,40.26
1.6202,2.0111,40.28
1.6203,2.0121,40.3
1.6206,2.0132,40.32
1.6213,2.0143,40.34
1.6219,2.0153,40.36
1.6221,2.0163,40.38
1.6217,2.0173,40.4
1.6214,2.0184,40.42
1.6214,2.0193,40.44
1.6209,2.0203,40.46
1.6205,2.0213,40.48
1.6207,2.0223,40.5
1.6212,2.0234,40.52
1.6215,2.0244,40.54
1.6214,2.0253,40.56
1.6207,2.0262,40.58
1.62,2.0271,40.6
1.6203,2.0282,40.62
1.621,2.0292,40.64
1.6212,2.0301,40.66
1.6213,2.0312,40.68
1.6219,2.0322,40.7
1.622,2.0332,40.72
1.6216,2.0342,40.74
1.6213,2.0351,40.76
1.6208,2.0361,40.78
1.6207,2.0371,40.8
1.6212,2.0382,40.82
1.6223,2.0392,40.84
1.6225,2.0402,40.86
1.6223,2.0412,40.88
1.6221,2.0422,40.9
1.6219,2.0432,40.92
1.6218,2.0443,40.94
1.622,2.0453,40.96
1.6222,2.0463,40.98
1.6224,2.0474,41
1.6228,2.0484,41.02
1.6229,2.0494,41.04
1.6221,2.0503,41.06
1.6213,2.0513,41.08
1.6211,2.0522,41.1
1.621,2.0532,41.12
1.6215,2.0543,41.14
1.622,2.0553,41.16
1.6221,2.0562,41.18
1.6216,2.0571,41.2
1.6216,2.0582,41.22
1.6218,2.0591,41.24
1.6217,2.06,41.26
1.6215,2.0611,41.28
1.6219,2.0621,41.3
1.6225,2.0632,41.32
1.623,2.0642,41.34
1.623,2.0652,41.36
1.6225,2.0661,41.38
1.622,2.0671,41.4
1.622,2.0682,41.42
1.6227,2.0692,41.44
1.6229,2.0702,41.46
1.623,2.0712,41.48
1.6233,2.0723,41.5
1.6233,2.0733,41.52
1.6229,2.0743,41.54
1.6226,2.0752,41.56
1.6223,2.0762,41.58
1.6221,2.0772,41.6
1.6227,2.0784,41.62
1.6237,2.0794,41.64
1.6238,2.0804,41.66
1.6233,2.0814,41.68
1.6228,2.0823,41.7
1.6223,2.0833,41.72
1.6221,2.0842,41.74
1.6222,2.0852,41.76
1.6223,2.0862,41.78
1.6227,2.0873,41.8
1.6231,2.0883,41.82
1.6234,2.0893,41.84
1.6228,2.0901,41.86
1.622,2.0911,41.88
1.622,2.0921,41.9
1.6223,2.0931,41.92
1.6228,2.0941,41.94
1.6234,2.0952,41.96
1.6239,2.0962,41.98
1.6237,2.0972,42
1.6234,2.0982,42.02
1.6233,2.0991,42.04
1.623,2.1001,42.06
1.6225,2.1011,42.08
1.623,2.1022,42.1
1.6239,2.1033,42.12
1.6247,2.1043,42.14
1.6249,2.1054,42.16
1.6243,2.1063,42.18
1.6232,2.1072,42.2
1.6227,2.1083,42.22
1.6232,2.1093,42.24
1.6235,2.1103,42.26
1.6236,2.1113,42.28
1.6239,2.1123,42.3
1.624,2.1133,42.32
1.6237,2.1143,42.34
1.6233,2.1152,42.36
1.6229,2.1161,42.38
1.6226,2.1171,42.4
1.6227,2.1182,42.42
1.6236,2.1192,42.44
1.6242,2.1202,42.46
1.624,2.1212,42.48
1.6238,2.1222,42.5
1.6237,2.1231,42.52
1.6235,2.1241,42.54
1.6236,2.1252,42.56
1.6239,2.1262,42.58
1.6241,2.1272,42.6
1.6244,2.1283,42.62
1.6248,2.1293,42.64
1.6245,2.1302,42.66
1.6237,2.1312,42.68
1.6233,2.1322,42.7
1.6234,2.1332,42.72
1.624,2.1343,42.74
1.6247,2.1354,42.76
1.6252,2.1363,42.78
1.6249,2.1373,42.8
1.6243,2.1384,42.82
1.6243,2.1394,42.84
1.6242,2.1403,42.86
1.6236,2.1413,42.88
1.6235,2.1423,42.9
1.6241,2.1434,42.92
1.6246,2.1444,42.94
1.6244,2.1453,42.96
1.6239,2.1462,42.98
1.6233,2.1471,43
1.6231,2.1482,43.02
1.6236,2.1492,43.04
1.624,2.1501,43.06
1.6241,2.1512,43.08
1.6245,2.1522,43.1
1.6249,2.1532,43.12
1.6246,2.1541,43.14
1.6241,2.1551,43.16
1.6238,2.1561,43.18
1.6235,2.157,43.2
1.6237,2.1581,43.22
1.6247,2.1592,43.24
1.6255,2.1602,43.26
1.6253,2.1612,43.28
1.6248,2.1622,43.3
1.6247,2.1632,43.32
1.6246,2.1642,43.34
1.6247,2.1652,43.36
1.6252,2.1663,43.38
1.6255,2.1673,43.4
1.6258,2.1684,43.42
1.6261,2.1695,43.44
1.6257,2.1704,43.46
1.6246,2.1713,43.48
1.6239,2.1723,43.5
1.6238,2.1732,43.52
1.624,2.1743,43.54
1.6245,2.1753,43.56
1.625,2.1763,43.58
1.6249,2.1772,43.6
1.6245,2.1782,43.62
1.6245,2.1792,43.64
1.6244,2.1801,43.66
1.6241,2.1811,43.68
1.6242,2.1821,43.7
1.6249,2.1832,43.72
1.6255,2.1842,43.74
1.6258,2.1852,43.76
1.6257,2.1862,43.78
1.625,2.1871,43.8
1.6243,2.1882,43.82
1.6247,2.1892,43.84
1.6251,2.1902,43.86
1.6251,2.1912,43.88
1.6253,2.1923,43.9
1.6257,2.1933,43.92
1.6256,2.1943,43.94
1.6253,2.1952,43.96
1.625,2.1962,43.98
1.6248,2.1972,44
1.6248,2.1983,44.02
1.6256,2.1994,44.04
1.6264,2.2004,44.06
1.6263,2.2014,44.08
1.6258,2.2023,44.1
1.6252,2.2033,44.12
1.6248,2.2042,44.14
1.6246,2.2052,44.16
1.6248,2.2062,44.18
1.6248,2.2072,44.2
1.625,2.2082,44.22
1.6255,2.2093,44.24
1.6257,2.2102,44.26
1.6252,2.2111,44.28
1.6247,2.2121,44.3
1.6248,2.2131,44.32
1.6252,2.2141,44.34
1.6257,2.2152,44.36
1.626,2.2162,44.38
1.626,2.2171,44.4
1.6255,2.2181,44.42
1.6256,2.2192,44.44
1.6259,2.2201,44.46
1.6256,2.2211,44.48
1.6254,2.2221,44.5
1.6259,2.2232,44.52
1.6267,2.2243,44.54
1.627,2.2253,44.56
1.6268,2.2263,44.58
1.6262,2.2273,44.6
1.6255,2.2283,44.62
1.6257,2.2294,44.64
1.6261,2.2303,44.66
1.6259,2.2313,44.68
1.6258,2.2324,44.7
1.626,2.2333,44.72
1.6257,2.2343,44.74
1.6253,2.2352,44.76
1.6249,2.2362,44.78
1.6247,2.2371,44.8
1.6248,2.2381,44.82
1.6254,2.2392,44.84
1.6262,2.2402,44.86
1.6264,2.2412,44.88
1.6261,2.2422,44.9
1.6258,2.2431,44.92
1.6255,2.2441,44.94
1.6254,2.2451,44.96
1.6256,2.2461,44.98
1.6259,2.2471,45
1.626,2.2481,45.02
1.6264,2.2492,45.04
1.6268,2.2502,45.06
1.6263,2.2511,45.08
1.6256,2.2521,45.1
1.6255,2.2531,45.12
1.6259,2.2542,45.14
1.6266,2.2553,45.16
1.6271,2.2563,45.18
1.6271,2.2573,45.2
1.6267,2.2583,45.22
1.6266,2.2594,45.24
1.6268,2.2603,45.26
1.6261,2.2613,45.28
1.6256,2.2623,45.3
1.626,2.2634,45.32
1.6266,2.2644,45.34
1.6268,2.2653,45.36
1.6263,2.2663,45.38
1.6256,2.2672,45.4
1.6251,2.2682,45.42
1.6254,2.2692,45.44
1.6259,2.2702,45.46
1.6261,2.2711,45.48
1.6262,2.2722,45.5
1.6266,2.2732,45.52
1.6266,2.2742,45.54
1.6261,2.2751,45.56
1.6258,2.2761,45.58
1.6257,2.277,45.6
1.6256,2.278,45.62
1.6261,2.2791,45.64
1.627,2.2802,45.66
1.6274,2.2812,45.68
1.6271,2.2822,45.7
1.6269,2.2832,45.72
1.6266,2.2842,45.74
1.6265,2.2852,45.76
1.6267,2.2863,45.78
1.6269,2.2873,45.8
1.6269,2.2884,45.82
1.6273,2.2895,45.84
1.6276,2.2904,45.86
1.6269,2.2913,45.88
1.6258,2.2923,45.9
1.6254,2.2932,45.92
1.6255,2.2942,45.94
1.626,2.2953,45.96
1.6264,2.2963,45.98
1.6265,2.2972,46
1.6263,2.2982,46.02
1.6262,2.2992,46.04
1.6263,2.3002,46.06
1.6261,2.3011,46.08
1.6257,2.3021,46.1
1.626,2.3032,46.12
1.627,2.3042,46.14
1.6276,2.3052,46.16
1.6276,2.3062,46.18
1.6271,2.3072,46.2
1.6264,2.3081,46.22
1.6263,2.3092,46.24
1.6266,2.3102,46.26
1.6267,2.3112,46.28
1.6267,2.3122,46.3
1.6272,2.3133,46.32
1.6275,2.3143,46.34
1.6272,2.3153,46.36
1.627,2.3163,46.38
1.6268,2.3172,46.4
1.6265,2.3182,46.42
1.6268,2.3193,46.44
1.6275,2.3204,46.46
1.6278,2.3214,46.48
1.6274,2.3224,46.5
1.627,2.3233,46.52
1.6265,2.3243,46.54
1.6262,2.3253,46.56
1.6262,2.3263,46.58
1.6264,2.3272,46.6
1.6265,2.3282,46.62
1.6268,2.3293,46.64
1.6272,2.3303,46.66
1.6268,2.3311,46.68
1.626,2.3321,46.7
1.6259,2.3331,46.72
1.6261,2.3341,46.74
1.6267,2.3352,46.76
1.6273,2.3362,46.78
1.6275,2.3372,46.8
1.627,2.3381,46.82
1.6267,2.3392,46.84
1.6268,2.3401,46.86
1.6267,2.3411,46.88
1.6264,2.3421,46.9
1.6269,2.3432,46.92
1.6278,2.3443,46.94
1.6285,2.3454,46.96
1.6283,2.3464,46.98
1.6276,2.3473,47
1.6267,2.3483,47.02
1.6266,2.3493,47.04
1.627,2.3503,47.06
1.6272,2.3513,47.08
1.6272,2.3524,47.1
1.6275,2.3534,47.12
1.6274,2.3543,47.14
1.6267,2.3552,47.16
1.6261,2.3562,47.18
1.6258,2.3571,47.2
1.6256,2.3581,47.22
1.626,2.3591,47.24
1.627,2.3602,47.26
1.6278,2.3612,47.28
1.6277,2.3622,47.3
1.6274,2.3632,47.32
1.627,2.3641,47.34
1.6266,2.3651,47.36
1.6266,2.3661,47.38
1.6269,2.3671,47.4
1.6272,2.3682,47.42
1.6276,2.3693,47.44
1.6282,2.3703,47.46
1.628,2.3712,47.48
1.6269,2.3721,47.5
1.6263,2.3731,47.52
1.6264,2.3742,47.54
1.6269,2.3752,47.56
1.6277,2.3763,47.58
1.6281,2.3773,47.6
1.6279,2.3783,47.62
1.6276,2.3793,47.64
1.6277,2.3804,47.66
1.6274,2.3813,47.68
1.6266,2.3822,47.7
1.6265,2.3833,47.72
1.6271,2.3843,47.74
1.6276,2.3854,47.76
1.6276,2.3863,47.78
1.6273,2.3873,47.8
1.6266,2.3882,47.82
1.6262,2.3892,47.84
1.6265,2.3902,47.86
1.6267,2.3911,47.88
1.6267,2.3922,47.9
1.6271,2.3932,47.92
1.6276,2.3942,47.94
1.6275,2.3952,47.96
1.6272,2.3961,47.98
1.627,2.3971,48
1.6268,2.3981,48.02
1.6268,2.3991,48.04
1.6274,2.4002,48.06
1.6281,2.4012,48.08
1.628,2.4022,48.1
1.6277,2.4032,48.12
1.6275,2.4042,48.14
1.6273,2.4052,48.16
1.6274,2.4063,48.18
1.6278,2.4073,48.2
1.628,2.4083,48.22
1.6279,2.4094,48.24
1.6283,2.4105,48.26
1.628,2.4114,48.28
1.627,2.4123,48.3
1.6265,2.4133,48.32
1.6264,2.4143,48.34
1.6266,2.4153,48.36
1.6271,2.4163,48.38
1.6274,2.4172,48.4
1.6271,2.4182,48.42
1.6265,2.4191,48.44
1.6265,2.4201,48.46
1.6268,2.4211,48.48
1.6267,2.422,48.5
1.6268,2.4231,48.52
1.6275,2.4242,48.54
1.6282,2.4252,48.56
1.6283,2.4262,48.58
1.6278,2.4272,48.6
1.627,2.4281,48.62
1.6264,2.4291,48.64
1.6267,2.4302,48.66
1.6273,2.4312,48.68
1.6275,2.4322,48.7
1.6279,2.4333,48.72
1.6283,2.4343,48.74
1.628,2.4353,48.76
1.6275,2.4363,48.78
1.6272,2.4372,48.8
1.6268,2.4382,48.82
1.6267,2.4393,48.84
1.6276,2.4404,48.86
1.6286,2.4414,48.88
1.6286,2.4424,48.9
1.6281,2.4434,48.92
1.6274,2.4443,48.94
1.6266,2.4453,48.96
1.6263,2.4462,48.98
1.6264,2.4472,49
1.6267,2.4482,49.02
1.627,2.4493,49.04
1.6276,2.4503,49.06
1.628,2.4513,49.08
1.6273,2.4522,49.1
1.6266,2.4531,49.12
1.6265,2.4541,49.14
1.6266,2.4551,49.16
1.627,2.4562,49.18
1.6276,2.4572,49.2
1.6279,2.4582,49.22
1.6275,2.4592,49.24
1.6274,2.4602,49.26
1.6275,2.4612,49.28
1.6271,2.4621,49.3
1.6267,2.4631,49.32
1.6271,2.4642,49.34
1.6279,2.4653,49.36
1.6284,2.4663,49.38
1.6284,2.4673,49.4
1.6279,2.4683,49.42
1.6272,2.4693,49.44
1.6274,2.4704,49.46
1.6277,2.4713,49.48
1.6274,2.4723,49.5
1.6272,2.4734,49.52
1.6274,2.4743,49.54
1.6273,2.4753,49.56
1.6269,2.4763,49.58
1.6266,2.4772,49.6
1.6265,2.4781,49.62
1.6263,2.4791,49.64
1.6267,2.4802,49.66
1.6273,2.4812,49.68
1.6273,2.4821,49.7
1.6271,2.4831,49.72
1.6271,2.4841,49.74
1.627,2.4851,49.76
1.6271,2.4861,49.78
1.6274,2.4872,49.8
1.6277,2.4881,49.82
1.6277,2.4892,49.84
1.628,2.4903,49.86
1.6281,2.4912,49.88
1.6276,2.4921,49.9
1.627,2.4932,49.92
1.6271,2.4942,49.94
1.6274,2.4952,49.96
1.6278,2.4963,49.98
1.6282,2.4973,50
1.628,2.4983,50.02
1.6273,2.4993,50.04
1.6271,2.5003,50.06
1.6273,2.5013,50.08
1.6271,2.5022,50.1
1.6268,2.5033,50.12
1.6273,2.5043,50.14
1.6278,2.5054,50.16
1.6279,2.5063,50.18
1.6274,2.5073,50.2
1.6266,2.5082,50.22
1.626,2.5091,50.24
1.6261,2.5101,50.26
1.6267,2.5111,50.28
1.6271,2.5121,50.3
1.6274,2.5132,50.32
1.6279,2.5142,50.34
1.6278,2.5152,50.36
1.6272,2.5161,50.38
1.6265,2.5171,50.4
1.6263,2.518,50.42
1.6263,2.519,50.44
1.6268,2.5201,50.46
1.6279,2.5212,50.48
1.6283,2.5222,50.5
1.6282,2.5232,50.52
1.6278,2.5242,50.54
1.6273,2.5252,50.56
1.6269,2.5262,50.58
1.6273,2.5273,50.6
1.6276,2.5283,50.62
1.6277,2.5294,50.64
1.6282,2.5305,50.66
1.6286,2.5315,50.68
1.6278,2.5323,50.7
1.6267,2.5333,50.72
1.6262,2.5342,50.74
1.626,2.5352,50.76
1.6263,2.5362,50.78
1.6269,2.5373,50.8
1.6271,2.5382,50.82
1.627,2.5392,50.84
1.6269,2.5402,50.86
1.6271,2.5412,50.88
1.6268,2.5421,50.9
1.6262,2.5431,50.92
1.6265,2.5441,50.94
1.6272,2.5452,50.96
1.6278,2.5462,50.98
1.6279,2.5472,51
1.6276,2.5482,51.02
1.6269,2.5491,51.04
1.6268,2.5502,51.06
1.6272,2.5512,51.08
1.6272,2.5522,51.1
1.627,2.5532,51.12
1.6274,2.5543,51.14
1.6277,2.5553,51.16
1.6274,2.5563,51.18
1.6272,2.5573,51.2
1.6269,2.5582,51.22
1.6266,2.5592,51.24
1.6267,2.5604,51.26
1.6276,2.5614,51.28
1.6279,2.5624,51.3
1.6274,2.5634,51.32
1.6271,2.5644,51.34
1.6268,2.5653,51.36
1.6265,2.5663,51.38
1.6264,2.5673,51.4
1.6265,2.5683,51.42
1.6264,2.5692,51.44
1.6266,2.5703,51.46
1.6271,2.5713,51.48
1.6268,2.5722,51.5
1.626,2.5732,51.52
1.626,2.5742,51.54
1.6263,2.5752,51.56
1.6266,2.5762,51.58
1.6271,2.5772,51.6
1.6273,2.5782,51.62
1.6268,2.5791,51.64
1.6264,2.5802,51.66
1.6264,2.5812,51.68
1.6266,2.5821,51.7
1.6264,2.5831,51.72
1.6267,2.5842,51.74
1.6276,2.5853,51.76
1.6282,2.5864,51.78
1.6282,2.5874,51.8
1.6275,2.5883,51.82
1.6265,2.5893,51.84
1.6261,2.5903,51.86
1.6266,2.5913,51.88
1.627,2.5923,51.9
1.627,2.5934,51.92
1.6272,2.5944,51.94
1.6272,2.5954,51.96
1.6265,2.5963,51.98
1.6258,2.5972,52
1.6255,2.5981,52.02
1.6253,2.5991,52.04
1.6255,2.6001,52.06
1.6265,2.6012,52.08
1.6273,2.6022,52.1
1.6272,2.6032,52.12
1.627,2.6042,52.14
1.6266,2.6052,52.16
1.6262,2.6061,52.18
1.6261,2.6072,52.2
1.6262,2.6082,52.22
1.6264,2.6092,52.24
1.6268,2.6103,52.26
1.6273,2.6113,52.28
1.6272,2.6122,52.3
1.6265,2.6132,52.32
1.6259,2.6142,52.34
1.626,2.6152,52.36
1.6265,2.6163,52.38
1.6272,2.6174,52.4
1.6276,2.6184,52.42
1.6273,2.6193,52.44
1.6269,2.6204,52.46
1.627,2.6214,52.48
1.6267,2.6223,52.5
1.626,2.6233,52.52
1.6257,2.6243,52.54
1.6261,2.6254,52.56
1.6264,2.6264,52.58
1.6265,2.6273,52.6
1.6262,2.6283,52.62
1.6256,2.6292,52.64
1.6252,2.6302,52.66
1.6255,2.6312,52.68
1.6261,2.6322,52.7
1.6261,2.6332,52.72
1.6262,2.6342,52.74
1.6266,2.6352,52.76
1.6263,2.6362,52.78
1.6259,2.6371,52.8
1.6256,2.6381,52.82
1.6255,2.639,52.84
1.6256,2.6401,52.86
1.6263,2.6412,52.88
1.627,2.6422,52.9
1.6268,2.6432,52.92
1.6263,2.6442,52.94
1.6262,2.6452,52.96
1.6262,2.6462,52.98
1.6263,2.6472,53
1.6265,2.6483,53.02
1.6266,2.6493,53.04
1.6265,2.6504,53.06
1.6269,2.6514,53.08
1.6267,2.6523,53.1
1.6258,2.6532,53.12
1.6252,2.6542,53.14
1.6251,2.6552,53.16
1.6252,2.6562,53.18
1.6256,2.6572,53.2
1.626,2.6582,53.22
1.6259,2.6591,53.24
1.6254,2.6601,53.26
1.6254,2.6611,53.28
1.6255,2.662,53.3
1.6252,2.663,53.32
1.6252,2.664,53.34
1.6261,2.6651,53.36
1.6268,2.6662,53.38
1.6271,2.6672,53.4
1.6269,2.6682,53.42
1.6261,2.6691,53.44
1.6253,2.6701,53.46
1.6254,2.6711,53.48
1.626,2.6721,53.5
1.6262,2.6732,53.52
1.6264,2.6742,53.54
1.6268,2.6753,53.56
1.6266,2.6763,53.58
1.6261,2.6773,53.6
1.6257,2.6782,53.62
1.6253,2.6792,53.64
1.6251,2.6802,53.66
1.6258,2.6814,53.68
1.6268,2.6824,53.7
1.6267,2.6834,53.72
1.6261,2.6844,53.74
1.6256,2.6853,53.76
1.625,2.6862,53.78
1.6247,2.6872,53.8
1.6247,2.6882,53.82
1.6249,2.6892,53.84
1.6251,2.6902,53.86
1.6257,2.6913,53.88
1.6259,2.6922,53.9
1.6254,2.6931,53.92
1.6248,2.6941,53.94
1.6247,2.6951,53.96
1.6248,2.6961,53.98
1.6253,2.6972,54
1.6257,2.6982,54.02
1.6258,2.6991,54.04
1.6254,2.7001,54.06
1.6254,2.7012,54.08
1.6256,2.7022,54.1
1.6253,2.7031,54.12
1.6249,2.7042,54.14
1.6255,2.7053,54.16
1.6262,2.7063,54.18
1.6264,2.7074,54.2
1.6263,2.7084,54.22
1.6256,2.7093,54.24
1.6248,2.7103,54.26
1.6249,2.7114,54.28
1.6253,2.7123,54.3
1.6252,2.7134,54.32
1.6252,2.7144,54.34
1.6255,2.7154,54.36
1.6251,2.7163,54.38
1.6246,2.7173,54.4
1.6242,2.7182,54.42
1.6239,2.7191,54.44
1.6239,2.7201,54.46
1.6243,2.7212,54.48
1.6251,2.7222,54.5
1.6254,2.7232,54.52
1.625,2.7242,54.54
1.6248,2.7251,54.56
1.6246,2.7261,54.58
1.6245,2.7271,54.6
1.6246,2.7281,54.62
1.6248,2.7291,54.64
1.625,2.7302,54.66
1.6255,2.7313,54.68
1.6257,2.7322,54.7
1.6251,2.7331,54.72
1.6244,2.7341,54.74
1.6243,2.7351,54.76
1.6245,2.7362,54.78
1.6249,2.7372,54.8
1.6256,2.7383,54.82
1.6257,2.7393,54.84
1.6251,2.7403,54.86
1.6249,2.7414,54.88
1.625,2.7423,54.9
1.6246,2.7433,54.92
1.6242,2.7443,54.94
1.6244,2.7453,54.96
1.6249,2.7464,54.98
1.6252,2.7474,55
1.6248,2.7483,55.02
1.624,2.7492,55.04
1.6233,2.7502,55.06
1.6234,2.7512,55.08
1.624,2.7522,55.1
1.6243,2.7531,55.12
1.6243,2.7542,55.14
1.6248,2.7552,55.16
1.625,2.7562,55.18
1.6246,2.7572,55.2
1.6241,2.7582,55.22
1.6237,2.7591,55.24
1.6235,2.7601,55.26
1.6239,2.7612,55.28
1.6248,2.7622,55.3
1.6251,2.7632,55.32
1.6248,2.7642,55.34
1.6246,2.7652,55.36
1.6244,2.7662,55.38
1.6243,2.7672,55.4
1.6243,2.7683,55.42
1.6245,2.7693,55.44
1.6246,2.7703,55.46
1.6248,2.7714,55.48
1.6251,2.7724,55.5
1.6245,2.7733,55.52
1.6235,2.7743,55.54
1.6231,2.7753,55.56
1.623,2.7762,55.58
1.6233,2.7773,55.6
1.6238,2.7783,55.62
1.6239,2.7792,55.64
1.6235,2.7802,55.66
1.6232,2.7812,55.68
1.6234,2.7822,55.7
1.6233,2.7831,55.72
1.6229,2.7841,55.74
1.6232,2.7851,55.76
1.6238,2.7862,55.78
1.6243,2.7872,55.8
1.6242,2.7882,55.82
1.6239,2.7891,55.84
1.6233,2.7901,55.86
1.623,2.7911,55.88
1.6235,2.7922,55.9
1.6238,2.7932,55.92
1.6239,2.7942,55.94
1.6242,2.7953,55.96
1.6243,2.7963,55.98
1.624,2.7973,56
1.6237,2.7983,56.02
1.6234,2.7992,56.04
1.623,2.8003,56.06
1.6233,2.8014,56.08
1.6242,2.8025,56.1
1.6246,2.8034,56.12
1.6239,2.8044,56.14
1.6233,2.8054,56.16
1.6228,2.8063,56.18
1.6225,2.8073,56.2
1.6224,2.8082,56.22
1.6226,2.8092,56.24
1.6228,2.8102,56.26
1.6231,2.8113,56.28
1.6235,2.8123,56.3
1.6232,2.8132,56.32
1.6224,2.8141,56.34
1.6222,2.8151,56.36
1.6223,2.8161,56.38
1.6225,2.8171,56.4
1.6229,2.8182,56.42
1.6234,2.8192,56.44
1.6232,2.8201,56.46
1.6228,2.8211,56.48
1.6228,2.8222,56.5
1.6228,2.8231,56.52
1.6224,2.8241,56.54
1.6226,2.8252,56.56
1.6234,2.8263,56.58
1.624,2.8273,56.6
1.6241,2.8284,56.62
1.6237,2.8293,56.64
1.6226,2.8303,56.66
1.6222,2.8313,56.68
1.6227,2.8324,56.7
1.6228,2.8333,56.72
1.6227,2.8344,56.74
1.6229,2.8354,56.76
1.6229,2.8364,56.78
1.6224,2.8373,56.8
1.6218,2.8382,56.82
1.6214,2.8392,56.84
1.6212,2.8401,56.86
1.6213,2.8412,56.88
1.6221,2.8422,56.9
1.6229,2.8432,56.92
1.6227,2.8442,56.94
1.6223,2.8452,56.96
1.6222,2.8462,56.98
1.622,2.8471,57
1.6217,2.8481,57.02
1.6219,2.8491,57.04
1.622,2.8501,57.06
1.6223,2.8512,57.08
1.6228,2.8522,57.1
1.6228,2.8532,57.12
1.6221,2.8541,57.14
1.6217,2.8552,57.16
1.6219,2.8562,57.18
1.6222,2.8573,57.2
1.6227,2.8583,57.22
1.623,2.8593,57.24
1.6226,2.8603,57.26
1.622,2.8613,57.28
1.6219,2.8624,57.3
1.6218,2.8633,57.32
1.6213,2.8643,57.34
1.6212,2.8653,57.36
1.6217,2.8663,57.38
1.622,2.8673,57.4
1.6219,2.8683,57.42
1.6215,2.8692,57.44
1.6208,2.8701,57.46
1.6204,2.8711,57.48
1.6207,2.8722,57.5
1.6213,2.8732,57.52
1.6214,2.8742,57.54
1.6216,2.8752,57.56
1.6218,2.8762,57.58
1.6216,2.8772,57.6
1.6211,2.8781,57.62
1.6208,2.8791,57.64
1.6205,2.88,57.66
1.6206,2.8811,57.68
1.6213,2.8822,57.7
1.6221,2.8832,57.72
1.6221,2.8842,57.74
1.6217,2.8852,57.76
1.6214,2.8862,57.78
1.6211,2.8872,57.8
1.621,2.8882,57.82
1.6213,2.8893,57.84
1.6216,2.8903,57.86
1.6216,2.8914,57.88
1.6218,2.8925,57.9
1.6217,2.8934,57.92
1.6208,2.8943,57.94
1.6201,2.8953,57.96
1.62,2.8963,57.98
1.6201,2.8973,58
1.6204,2.8983,58.02
1.6208,2.8993,58.04
1.6207,2.9002,58.06
1.6202,2.9012,58.08
1.6201,2.9022,58.1
1.6201,2.9031,58.12
1.6198,2.904,58.14
1.6198,2.9051,58.16
1.6204,2.9061,58.18
1.6211,2.9072,58.2
1.6214,2.9082,58.22
1.6211,2.9092,58.24
1.6205,2.9101,58.26
1.6198,2.9111,58.28
1.6199,2.9122,58.3
1.6202,2.9132,58.32
1.6202,2.9141,58.34
1.6202,2.9152,58.36
1.6207,2.9163,58.38
1.6208,2.9173,58.4
1.6205,2.9182,58.42
1.6201,2.9192,58.44
1.6198,2.9202,58.46
1.6197,2.9212,58.48
1.6202,2.9224,58.5
1.6211,2.9234,58.52
1.621,2.9244,58.54
1.6204,2.9254,58.56
1.6199,2.9263,58.58
1.6193,2.9273,58.6
1.6189,2.9283,58.62
1.619,2.9293,58.64
1.6192,2.9303,58.66
1.6195,2.9313,58.68
1.6198,2.9323,58.7
1.6199,2.9333,58.72
1.6192,2.9342,58.74
1.6186,2.9351,58.76
1.6186,2.9361,58.78
1.6189,2.9371,58.8
1.6192,2.9382,58.82
1.6198,2.9392,58.84
1.62,2.9402,58.86
1.6195,2.9411,58.88
1.6192,2.9422,58.9
1.6194,2.9432,58.92
1.6192,2.9441,58.94
1.619,2.9452,58.96
1.6194,2.9462,58.98
1.6199,2.9473,59
1.6201,2.9483,59.02
1.6201,2.9493,59.04
1.6195,2.9502,59.06
1.6187,2.9512,59.08
1.6187,2.9523,59.1
1.6193,2.9533,59.12
1.6193,2.9543,59.14
1.6191,2.9554,59.16
1.6192,2.9563,59.18
1.6189,2.9573,59.2
1.6184,2.9582,59.22
1.6178,2.9592,59.24
1.6175,2.9601,59.26
1.6174,2.9611,59.28
1.6179,2.9622,59.3
1.6189,2.9632,59.32
1.6192,2.9642,59.34
1.6188,2.9652,59.36
1.6185,2.9661,59.38
1.6183,2.9671,59.4
1.6181,2.9681,59.42
1.6182,2.9691,59.44
1.6185,2.9701,59.46
1.6187,2.9712,59.48
1.619,2.9723,59.5
1.6193,2.9733,59.52
1.6186,2.9742,59.54
1.6177,2.9752,59.56
1.6176,2.9762,59.58
1.6178,2.9772,59.6
1.6182,2.9783,59.62
1.6187,2.9793,59.64
1.6189,2.9803,59.66
1.6185,2.9813,59.68
1.6182,2.9824,59.7
1.6183,2.9834,59.72
1.6179,2.9843,59.74
1.6174,2.9853,59.76
1.6176,2.9864,59.78
1.618,2.9874,59.8
1.6182,2.9884,59.82
1.618,2.9893,59.84
1.6173,2.9902,59.86
1.6164,2.9912,59.88
1.6162,2.9922,59.9
1.6168,2.9932,59.92
1.617,2.9941,59.94
1.6171,2.9952,59.96
1.6175,2.9962,59.98
1.6177,2.9972,60
1.6175,2.9982,60.02
1.6169,2.9991,60.04
1.6165,3.0001,60.06
1.6163,3.001,60.08
1.6165,3.0021,60.1
1.6175,3.0032,60.12
1.6179,3.0042,60.14
1.6176,3.0052,60.16
1.6174,3.0062,60.18
1.6172,3.0072,60.2
1.617,3.0082,60.22
1.617,3.0093,60.24
1.6171,3.0103,60.26
1.6173,3.0113,60.28
1.6176,3.0124,60.3
1.6178,3.0134,60.32
1.6171,3.0143,60.34
1.6162,3.0153,60.36
1.6159,3.0163,60.38
1.6158,3.0172,60.4
1.6158,3.0183,60.42
1.6163,3.0193,60.44
1.6165,3.0202,60.46
1.616,3.0212,60.48
1.6157,3.0222,60.5
1.6158,3.0232,60.52
1.6157,3.0241,60.54
1.6155,3.0251,60.56
1.6157,3.0261,60.58
1.6163,3.0272,60.6
1.6166,3.0282,60.62
1.6167,3.0292,60.64
1.6163,3.0301,60.66
1.6156,3.0311,60.68
1.6153,3.0321,60.7
1.6157,3.0332,60.72
1.616,3.0341,60.74
1.6159,3.0352,60.76
1.6162,3.0363,60.78
1.6164,3.0373,60.8
1.6163,3.0383,60.82
1.6159,3.0393,60.84
1.6155,3.0402,60.86
1.6151,3.0412,60.88
1.6153,3.0423,60.9
1.6162,3.0434,60.92
1.6166,3.0444,60.94
1.6159,3.0454,60.96
1.6153,3.0464,60.98
1.6148,3.0473,61
1.6144,3.0482,61.02
1.6143,3.0492,61.04
1.6146,3.0502,61.06
1.6146,3.0512,61.08
1.6148,3.0523,61.1
1.6151,3.0532,61.12
1.6149,3.0541,61.14
1.6143,3.0551,61.16
1.6139,3.0561,61.18
1.6141,3.0571,61.2
1.6144,3.0581,61.22
1.6149,3.0592,61.24
1.6153,3.0602,61.26
1.6151,3.0611,61.28
1.6146,3.0622,61.3
1.6145,3.0632,61.32
1.6144,3.0641,61.34
1.6139,3.0651,61.36
1.614,3.0662,61.38
1.6148,3.0673,61.4
1.6154,3.0683,61.42
1.6156,3.0694,61.44
1.6152,3.0703,61.46
1.6142,3.0713,61.48
1.6136,3.0723,61.5
1.6139,3.0733,61.52
1.6142,3.0743,61.54
1.6142,3.0754,61.56
1.6143,3.0764,61.58
1.6143,3.0774,61.6
1.6138,3.0783,61.62
1.6131,3.0792,61.64
1.6127,3.0802,61.66
1.6124,3.0811,61.68
1.6125,3.0821,61.7
1.6132,3.0832,61.72
1.6138,3.0842,61.74
1.6136,3.0851,61.76
1.6134,3.0861,61.78
1.6132,3.0871,61.8
1.613,3.0881,61.82
1.6128,3.0891,61.84
1.6131,3.0901,61.86
1.6134,3.0911,61.88
1.6137,3.0922,61.9
1.6141,3.0933,61.92
1.614,3.0942,61.94
1.6131,3.0951,61.96
1.6125,3.0961,61.98
1.6125,3.0972,62
1.6128,3.0982,62.02
1.6132,3.0993,62.04
1.6136,3.1003,62.06
1.6134,3.1013,62.08
1.6129,3.1023,62.1
1.6127,3.1034,62.12
1.6127,3.1043,62.14
1.612,3.1052,62.16
1.6118,3.1063,62.18
1.6123,3.1073,62.2
1.6128,3.1084,62.22
1.6128,3.1093,62.24
1.6123,3.1103,62.26
1.6114,3.1112,62.28
1.6108,3.1122,62.3
1.6112,3.1132,62.32
1.6116,3.1142,62.34
1.6116,3.1152,62.36
1.6119,3.1162,62.38
1.6122,3.1172,62.4
1.6121,3.1182,62.42
1.6117,3.1191,62.44
1.6113,3.1201,62.46
1.611,3.121,62.48
1.611,3.1221,62.5
1.6116,3.1232,62.52
1.6122,3.1242,62.54
1.6122,3.1252,62.56
1.6118,3.1262,62.58
1.6117,3.1272,62.6
1.6114,3.1282,62.62
1.6113,3.1292,62.64
1.6114,3.1303,62.66
1.6115,3.1313,62.68
1.6114,3.1323,62.7
1.6117,3.1334,62.72
1.6118,3.1344,62.74
1.611,3.1353,62.76
1.6102,3.1363,62.78
1.6101,3.1372,62.8
1.6102,3.1382,62.82
1.6104,3.1393,62.84
1.6108,3.1403,62.86
1.6107,3.1412,62.88
1.6101,3.1422,62.9
1.6099,3.1432,62.92
1.61,3.1441,62.94
1.6098,3.145,62.96
1.6096,3.1461,62.98
1.6101,3.1471,63
1.6109,3.1482,63.02
1.6112,3.1492,63.04
1.6109,3.1502,63.06
1.6101,3.1511,63.08
1.6095,3.1521,63.1
1.6094,3.1532,63.12
1.6099,3.1542,63.14
1.61,3.1552,63.16
1.6101,3.1563,63.18
1.6104,3.1573,63.2
1.6104,3.1583,63.22
1.6098,3.1593,63.24
1.6094,3.1602,63.26
1.609,3.1612,63.28
1.6088,3.1622,63.3
1.6094,3.1634,63.32
1.6104,3.1644,63.34
1.6104,3.1654,63.36
1.6098,3.1664,63.38
1.6093,3.1673,63.4
1.6086,3.1683,63.42
1.6081,3.1693,63.44
1.6082,3.1702,63.46
1.6083,3.1712,63.48
1.6083,3.1722,63.5
1.6087,3.1733,63.52
1.6091,3.1742,63.54
1.6088,3.1752,63.56
1.6081,3.1761,63.58
1.6078,3.1771,63.6
1.6079,3.1781,63.62
1.6081,3.1792,63.64
1.6085,3.1802,63.66
1.6087,3.1811,63.68
1.6083,3.1821,63.7
1.6081,3.1832,63.72
1.6082,3.1842,63.74
1.608,3.1851,63.76
1.6075,3.1861,63.78
1.6079,3.1872,63.8
1.6086,3.1883,63.82
1.609,3.1893,63.84
1.6089,3.1903,63.86
1.6084,3.1913,63.88
1.6076,3.1923,63.9
1.6074,3.1934,63.92
1.6078,3.1944,63.94
1.6077,3.1953,63.96
1.6074,3.1964,63.98
1.6075,3.1974,64
1.6073,3.1983,64.02
1.6067,3.1993,64.04
1.6063,3.2002,64.06
1.6061,3.2011,64.08
1.6059,3.2021,64.1
1.6062,3.2032,64.12
1.6068,3.2042,64.14
1.6072,3.2052,64.16
1.6069,3.2062,64.18
1.6068,3.2072,64.2
1.6067,3.2081,64.22
1.6064,3.2091,64.24
1.6063,3.2102,64.26
1.6065,3.2112,64.28
1.6064,3.2122,64.3
1.6064,3.2132,64.32
1.6067,3.2142,64.34
1.6064,3.2151,64.36
1.6056,3.2161,64.38
1.6054,3.2171,64.4
1.6057,3.2181,64.42
1.6059,3.2192,64.44
1.6065,3.2203,64.46
1.6067,3.2212,64.48
1.606,3.2222,64.5
1.6056,3.2233,64.52
1.6059,3.2243,64.54
1.6056,3.2252,64.56
1.6051,3.2262,64.58
1.6052,3.2273,64.6
1.6057,3.2283,64.62
1.6059,3.2293,64.64
1.6055,3.2303,64.66
1.6046,3.2312,64.68
1.6038,3.2321,64.7
1.6037,3.2331,64.72
1.6042,3.2341,64.74
1.6046,3.2351,64.76
1.6047,3.2362,64.78
1.6052,3.2372,64.8
1.6053,3.2382,64.82
1.6049,3.2392,64.84
1.6042,3.2401,64.86
1.6038,3.2411,64.88
1.6035,3.242,64.9
1.6037,3.2431,64.92
1.6046,3.2442,64.94
1.6052,3.2452,64.96
1.6048,3.2462,64.98
1.6045,3.2472,65
1.6041,3.2482,65.02
1.6036,3.2492,65.04
1.6037,3.2503,65.06
1.6039,3.2513,65.08
1.604,3.2523,65.1
1.6043,3.2534,65.12
1.6047,3.2544,65.14
1.6041,3.2554,65.16
1.6031,3.2563,65.18
1.6024,3.2573,65.2
1.6022,3.2582,65.22
1.6024,3.2593,65.24
1.6028,3.2603,65.26
1.6029,3.2612,65.28
1.6026,3.2622,65.3
1.6024,3.2632,65.32
1.6025,3.2642,65.34
1.6023,3.2651,65.36
1.6017,3.266,65.38
1.6016,3.2671,65.4
1.6024,3.2682,65.42
1.6031,3.2692,65.44
1.6031,3.2702,65.46
1.6028,3.2711,65.48
1.6019,3.2721,65.5
1.6015,3.2731,65.52
1.6018,3.2741,65.54
1.6021,3.2751,65.56
1.6019,3.2762,65.58
1.6023,3.2773,65.6
1.6027,3.2783,65.62
1.6023,3.2793,65.64
1.6019,3.2803,65.66
1.6016,3.2812,65.68
1.6012,3.2822,65.7
1.6011,3.2833,65.72
1.6016,3.2844,65.74
1.602,3.2854,65.76
1.6017,3.2864,65.78
1.6012,3.2874,65.8
1.6008,3.2883,65.82
1.6003,3.2893,65.84
1.6002,3.2903,65.86
1.6004,3.2912,65.88
1.6003,3.2922,65.9
1.6003,3.2933,65.92
1.6007,3.2943,65.94
1.6007,3.2952,65.96
1.5998,3.2961,65.98
1.5994,3.2971,66
1.5995,3.2981,66.02
1.5998,3.2992,66.04
1.6003,3.3002,66.06
1.6004,3.3012,66.08
1.6,3.3021,66.1
1.5994,3.3032,66.12
1.5995,3.3042,66.14
1.5995,3.3051,66.16
1.5992,3.3061,66.18
1.5993,3.3072,66.2
1.6,3.3083,66.22
1.6005,3.3094,66.24
1.6003,3.3103,66.26
1.5995,3.3113,66.28
1.5987,3.3122,66.3
1.5983,3.3133,66.32
1.5986,3.3143,66.34
1.599,3.3153,66.36
1.5989,3.3164,66.38
1.5991,3.3174,66.4
1.599,3.3184,66.42
1.5983,3.3193,66.44
1.5974,3.3202,66.46
1.5971,3.3212,66.48
1.5969,3.3221,66.5
1.5969,3.3231,66.52
1.5978,3.3242,66.54
1.5987,3.3252,66.56
1.5985,3.3262,66.58
1.5981,3.3272,66.6
1.5975,3.3281,66.62
1.597,3.3291,66.64
1.597,3.3301,66.66
1.5971,3.3311,66.68
1.5973,3.3322,66.7
1.5976,3.3333,66.72
1.5981,3.3343,66.74
1.5981,3.3353,66.76
1.5973,3.3362,66.78
1.5963,3.3372,66.8
1.5961,3.3382,66.82
1.5963,3.3392,66.84
1.5968,3.3403,66.86
1.5974,3.3413,66.88
1.5972,3.3423,66.9
1.5967,3.3434,66.92
1.5966,3.3444,66.94
1.5964,3.3453,66.96
1.5956,3.3462,66.98
1.5953,3.3473,67
1.5957,3.3484,67.02
1.5962,3.3494,67.04
1.5962,3.3504,67.06
1.5958,3.3513,67.08
1.595,3.3522,67.1
1.5945,3.3532,67.12
1.5945,3.3542,67.14
1.5948,3.3552,67.16
1.5947,3.3561,67.18
1.5948,3.3572,67.2
1.5952,3.3582,67.22
1.5951,3.3592,67.24
1.5947,3.3601,67.26
1.5944,3.3611,67.28
1.5941,3.3621,67.3
1.594,3.3631,67.32
1.5944,3.3642,67.34
1.5949,3.3652,67.36
1.5947,3.3662,67.38
1.5943,3.3672,67.4
1.5943,3.3682,67.42
1.5942,3.3692,67.44
1.594,3.3703,67.46
1.5943,3.3713,67.48
1.5943,3.3723,67.5
1.5942,3.3734,67.52
1.5942,3.3744,67.54
1.5939,3.3754,67.56
1.5931,3.3763,67.58
1.5925,3.3773,67.6
1.5923,3.3783,67.62
1.5924,3.3793,67.64
1.5927,3.3803,67.66
1.5929,3.3813,67.68
1.5926,3.3822,67.7
1.5918,3.3832,67.72
1.5916,3.3842,67.74
1.5918,3.3851,67.76
1.5916,3.386,67.78
1.5915,3.3871,67.8
1.592,3.3882,67.82
1.5926,3.3892,67.84
1.5927,3.3902,67.86
1.5923,3.3912,67.88
1.5915,3.3921,67.9
1.5907,3.3931,67.92
1.5907,3.3941,67.94
1.5914,3.3952,67.96
1.5916,3.3962,67.98
1.5916,3.3973,68
1.5919,3.3983,68.02
1.5915,3.3992,68.04
1.5909,3.4002,68.06
1.5905,3.4012,68.08
1.5901,3.4022,68.1
1.5899,3.4032,68.12
1.5904,3.4043,68.14
1.5915,3.4054,68.16
1.5917,3.4064,68.18
1.5909,3.4074,68.2
1.5901,3.4083,68.22
1.5893,3.4093,68.24
1.5888,3.4103,68.26
1.5889,3.4113,68.28
1.5891,3.4122,68.3
1.5891,3.4133,68.32
1.5895,3.4143,68.34
1.5898,3.4153,68.36
1.5893,3.4162,68.38
1.5883,3.4171,68.4
1.5879,3.4181,68.42
1.588,3.4191,68.44
1.5883,3.4201,68.46
1.5888,3.4212,68.48
1.589,3.4222,68.5
1.5888,3.4232,68.52
1.5886,3.4242,68.54
1.5885,3.4252,68.56
1.5881,3.4261,68.58
1.5875,3.4271,68.6
1.5877,3.4282,68.62
1.5884,3.4293,68.64
1.5888,3.4304,68.66
1.5887,3.4314,68.68
1.5881,3.4323,68.7
1.5873,3.4333,68.72
1.5871,3.4344,68.74
1.5872,3.4354,68.76
1.5869,3.4363,68.78
1.5867,3.4374,68.8
1.5868,3.4384,68.82
1.5866,3.4393,68.84
1.5861,3.4403,68.86
1.5857,3.4412,68.88
1.5853,3.4422,68.9
1.5849,3.4431,68.92
1.585,3.4442,68.94
1.5857,3.4452,68.96
1.586,3.4462,68.98
1.5857,3.4472,69
1.5855,3.4482,69.02
1.5852,3.4491,69.04
1.585,3.4501,69.06
1.5849,3.4511,69.08
1.5851,3.4521,69.1
1.5849,3.4531,69.12
1.5849,3.4542,69.14
1.5852,3.4552,69.16
1.5851,3.4562,69.18
1.5843,3.4571,69.2
1.5839,3.4582,69.22
1.584,3.4592,69.24
1.5843,3.4603,69.26
1.5847,3.4613,69.28
1.5846,3.4623,69.3
1.5839,3.4633,69.32
1.5837,3.4644,69.34
1.5839,3.4654,69.36
1.5836,3.4663,69.38
1.583,3.4673,69.4
1.5831,3.4684,69.42
1.5833,3.4694,69.44
1.5833,3.4704,69.46
1.5827,3.4713,69.48
1.5817,3.4722,69.5
1.5808,3.4731,69.52
1.5806,3.4741,69.54
1.5812,3.4752,69.56
1.5818,3.4761,69.58
1.582,3.4772,69.6
1.5823,3.4783,69.62
1.5824,3.4792,69.64
1.5819,3.4802,69.66
1.5811,3.4811,69.68
1.5806,3.4821,69.7
1.5802,3.483,69.72
1.5802,3.4841,69.74
1.5811,3.4852,69.76
1.5816,3.4862,69.78
1.5813,3.4872,69.8
1.5808,3.4882,69.82
1.5802,3.4892,69.84
1.5799,3.4902,69.86
1.58,3.4912,69.88
1.5802,3.4923,69.9
1.5803,3.4933,69.92
1.5805,3.4944,69.94
1.5807,3.4954,69.96
1.5802,3.4963,69.98
1.5789,3.4973,70
1.578,3.4982,70.02
1.5778,3.4992,70.04
1.578,3.5002,70.06
1.5785,3.5013,70.08
1.5788,3.5022,70.1
1.5785,3.5032,70.12
1.578,3.5042,70.14
1.578,3.5052,70.16
1.5778,3.5061,70.18
1.5772,3.507,70.2
1.577,3.5081,70.22
1.5776,3.5092,70.24
1.5781,3.5102,70.26
1.5781,3.5112,70.28
1.5777,3.5122,70.3
1.577,3.5131,70.32
1.5766,3.5142,70.34
1.5767,3.5152,70.36
1.5767,3.5162,70.38
1.5766,3.5172,70.4
1.5767,3.5183,70.42
1.5769,3.5193,70.44
1.5766,3.5203,70.46
1.5761,3.5213,70.48
1.5757,3.5223,70.5
1.5752,3.5232,70.52
1.575,3.5243,70.54
1.5756,3.5254,70.56
1.5761,3.5264,70.58
1.5756,3.5274,70.6
1.575,3.5283,70.62
1.5744,3.5293,70.64
1.5738,3.5302,70.66
1.5736,3.5312,70.68
1.5738,3.5322,70.7
1.5737,3.5332,70.72
1.5737,3.5342,70.74
1.5739,3.5352,70.76
1.5739,3.5362,70.78
1.5731,3.5371,70.8
1.5725,3.5381,70.82
1.5725,3.5391,70.84
1.5728,3.5401,70.86
1.5732,3.5412,70.88
1.5734,3.5422,70.9
1.573,3.5431,70.92
1.5723,3.5442,70.94
1.5723,3.5452,70.96
1.5722,3.5461,70.98
1.5717,3.5471,71
1.5716,3.5482,71.02
1.5722,3.5493,71.04
1.5726,3.5503,71.06
1.5726,3.5514,71.08
1.5719,3.5523,71.1
1.571,3.5533,71.12
1.5703,3.5543,71.14
1.5705,3.5554,71.16
1.5708,3.5563,71.18
1.5706,3.5574,71.2
1.5707,3.5584,71.22
1.5705,3.5594,71.24
1.5696,3.5603,71.26
1.5688,3.5612,71.28
1.5684,3.5622,71.3
1.5682,3.5631,71.32
1.5682,3.5641,71.34
1.5689,3.5652,71.36
1.5696,3.5662,71.38
1.5695,3.5672,71.4
1.569,3.5682,71.42
1.5685,3.5692,71.44
1.568,3.5701,71.46
1.5678,3.5712,71.48
1.568,3.5722,71.5
1.568,3.5732,71.52
1.5679,3.5742,71.54
1.5681,3.5753,71.56
1.568,3.5762,71.58
1.5672,3.5771,71.6
1.5662,3.5781,71.62
1.566,3.5791,71.64
1.5661,3.5802,71.66
1.5667,3.5813,71.68
1.5672,3.5823,71.7
1.5669,3.5833,71.72
1.5662,3.5843,71.74
1.566,3.5854,71.76
1.5659,3.5863,71.78
1.5652,3.5872,71.8
1.5647,3.5883,71.82
1.5649,3.5894,71.84
1.5653,3.5904,71.86
1.5653,3.5914,71.88
1.5648,3.5923,71.9
1.5637,3.5932,71.92
1.5629,3.5942,71.94
1.563,3.5952,71.96
1.5634,3.5962,71.98
1.5633,3.5972,72
1.5634,3.5982,72.02
1.5637,3.5992,72.04
1.5635,3.6002,72.06
1.5629,3.6012,72.08
1.5624,3.6021,72.1
1.562,3.6031,72.12
1.5617,3.6041,72.14
1.5622,3.6052,72.16
1.5628,3.6062,72.18
1.5627,3.6072,72.2
1.5622,3.6082,72.22
1.5618,3.6092,72.24
1.5615,3.6102,72.26
1.5613,3.6112,72.28
1.5613,3.6123,72.3
1.5613,3.6133,72.32
1.5611,3.6144,72.34
1.5612,3.6155,72.36
1.5611,3.6164,72.38
1.5602,3.6173,72.4
1.5593,3.6183,72.42
1.559,3.6193,72.44
1.5588,3.6202,72.46
1.5588,3.6213,72.48
1.5591,3.6223,72.5
1.559,3.6232,72.52
1.5582,3.6242,72.54
1.5579,3.6252,72.56
1.5579,3.6261,72.58
1.5576,3.627,72.6
1.5572,3.6281,72.62
1.5575,3.6291,72.64
1.5581,3.6302,72.66
1.5583,3.6312,72.68
1.558,3.6322,72.7
1.5573,3.6331,72.72
1.5564,3.6341,72.74
1.5561,3.6352,72.76
1.5565,3.6362,72.78
1.5565,3.6371,72.8
1.5564,3.6382,72.82
1.5565,3.6393,72.84
1.5564,3.6403,72.86
1.556,3.6413,72.88
1.5554,3.6423,72.9
1.5549,3.6432,72.92
1.5544,3.6442,72.94
1.5545,3.6454,72.96
1.5553,3.6464,72.98
1.5553,3.6474,73
1.5546,3.6484,73.02
1.554,3.6494,73.04
1.5533,3.6503,73.06
1.5527,3.6513,73.08
1.5525,3.6523,73.1
1.5525,3.6532,73.12
1.5525,3.6543,73.14
1.5527,3.6553,73.16
1.5529,3.6563,73.18
1.5523,3.6572,73.2
1.5514,3.6581,73.22
1.5511,3.6591,73.24
1.5511,3.6601,73.26
1.5512,3.6611,73.28
1.5515,3.6622,73.3
1.5516,3.6632,73.32
1.5511,3.6641,73.34
1.5507,3.6652,73.36
1.5506,3.6662,73.38
1.5504,3.6671,73.4
1.5497,3.6681,73.42
1.5497,3.6692,73.44
1.5503,3.6703,73.46
1.5505,3.6713,73.48
1.5502,3.6723,73.5
1.5495,3.6733,73.52
1.5485,3.6742,73.54
1.5482,3.6753,73.56
1.5485,3.6763,73.58
1.5483,3.6773,73.6
1.548,3.6784,73.62
1.548,3.6794,73.64
1.5476,3.6803,73.66
1.5469,3.6813,73.68
1.5462,3.6822,73.7
1.5458,3.6831,73.72
1.5455,3.6841,73.74
1.5456,3.6852,73.76
1.5463,3.6862,73.78
1.5466,3.6872,73.8
1.5461,3.6882,73.82
1.5456,3.6892,73.84
1.5453,3.6901,73.86
1.5448,3.6911,73.88
1.5447,3.6921,73.9
1.5447,3.6932,73.92
1.5446,3.6942,73.94
1.5448,3.6953,73.96
1.545,3.6963,73.98
1.5443,3.6972,74
1.5431,3.6981,74.02
1.5427,3.6991,74.04
1.5428,3.7002,74.06
1.5432,3.7012,74.08
1.5436,3.7024,74.1
1.5438,3.7034,74.12
1.5432,3.7044,74.14
1.5425,3.7054,74.16
1.542,3.7064,74.18
1.5413,3.7073,74.2
1.5405,3.7083,74.22
1.5404,3.7093,74.24
1.5407,3.7104,74.26
1.5409,3.7114,74.28
1.5407,3.7123,74.3
1.54,3.7132,74.32
1.539,3.7141,74.34
1.5385,3.7151,74.36
1.5386,3.7161,74.38
1.5388,3.7171,74.4
1.5387,3.7181,74.42
1.5389,3.7192,74.44
1.5391,3.7202,74.46
1.5388,3.7212,74.48
1.5381,3.7221,74.5
1.5374,3.7231,74.52
1.5369,3.724,74.54
1.5366,3.7251,74.56
1.5372,3.7262,74.58
1.5376,3.7272,74.6
1.5373,3.7282,74.62
1.5369,3.7292,74.64
1.5365,3.7302,74.66
1.536,3.7312,74.68
1.5358,3.7323,74.7
1.5358,3.7333,74.72
1.5357,3.7344,74.74
1.5355,3.7355,74.76
1.5355,3.7365,74.78
1.5348,3.7374,74.8
1.5337,3.7383,74.82
1.533,3.7393,74.84
1.5327,3.7403,74.86
1.5328,3.7413,74.88
1.533,3.7423,74.9
1.5331,3.7433,74.92
1.5325,3.7442,74.94
1.5319,3.7452,74.96
1.5318,3.7462,74.98
1.5315,3.7471,75
1.5309,3.7481,75.02
1.5307,3.7491,75.04
1.5311,3.7502,75.06
1.5316,3.7512,75.08
1.5315,3.7522,75.1
1.5309,3.7532,75.12
1.5299,3.7541,75.14
1.5293,3.7551,75.16
1.5295,3.7562,75.18
1.5298,3.7572,75.2
1.5296,3.7582,75.22
1.5294,3.7593,75.24
1.5294,3.7603,75.26
1.5289,3.7612,75.28
1.5282,3.7622,75.3
1.5276,3.7632,75.32
1.5271,3.7642,75.34
1.527,3.7653,75.36
1.5277,3.7664,75.38
1.5281,3.7674,75.4
1.5274,3.7684,75.42
1.5264,3.7693,75.44
1.5256,3.7703,75.46
1.525,3.7712,75.48
1.5247,3.7722,75.5
1.5248,3.7732,75.52
1.5248,3.7742,75.54
1.5249,3.7753,75.56
1.5251,3.7763,75.58
1.5246,3.7772,75.6
1.5235,3.7782,75.62
1.5227,3.7791,75.64
1.5226,3.7801,75.66
1.5227,3.7811,75.68
1.5229,3.7822,75.7
1.5231,3.7832,75.72
1.5228,3.7842,75.74
1.5221,3.7852,75.76
1.5218,3.7862,75.78
1.5215,3.7871,75.8
1.5208,3.7881,75.82
1.5204,3.7892,75.84
1.5208,3.7902,75.86
1.5212,3.7913,75.88
1.5213,3.7924,75.9
1.5209,3.7934,75.92
1.5198,3.7943,75.94
1.5189,3.7953,75.96
1.5188,3.7964,75.98
1.5189,3.7973,76
1.5185,3.7983,76.02
1.5183,3.7994,76.04
1.5182,3.8003,76.06
1.5177,3.8013,76.08
1.517,3.8022,76.1
1.5163,3.8032,76.12
1.5156,3.8041,76.14
1.5154,3.8051,76.16
1.5158,3.8062,76.18
1.5165,3.8072,76.2
1.5162,3.8081,76.22
1.5155,3.8092,76.24
1.5152,3.8101,76.26
1.5147,3.8111,76.28
1.5144,3.8121,76.3
1.5143,3.8132,76.32
1.5142,3.8141,76.34
1.514,3.8152,76.36
1.5139,3.8163,76.38
1.5137,3.8172,76.4
1.5127,3.8181,76.42
1.5119,3.8191,76.44
1.5118,3.8202,76.46
1.5119,3.8212,76.48
1.5121,3.8223,76.5
1.5123,3.8233,76.52
1.512,3.8243,76.54
1.5111,3.8253,76.56
1.5106,3.8264,76.58
1.5105,3.8273,76.6
1.5099,3.8283,76.62
1.5093,3.8293,76.64
1.5093,3.8304,76.66
1.5094,3.8314,76.68
1.5091,3.8324,76.7
1.5086,3.8333,76.72
1.5076,3.8342,76.74
1.5066,3.8352,76.76
1.5066,3.8362,76.78
1.507,3.8372,76.8
1.5068,3.8381,76.82
1.5066,3.8392,76.84
1.5067,3.8402,76.86
1.5065,3.8412,76.88
1.5058,3.8421,76.9
1.505,3.8431,76.92
1.5045,3.844,76.94
1.5042,3.845,76.96
1.5045,3.8462,76.98
1.5051,3.8472,77
1.5049,3.8482,77.02
1.5041,3.8492,77.04
1.5036,3.8502,77.06
1.503,3.8512,77.08
1.5025,3.8522,77.1
1.5024,3.8533,77.12
1.5025,3.8543,77.14
1.5023,3.8553,77.16
1.5023,3.8564,77.18
1.5021,3.8574,77.2
1.501,3.8583,77.22
1.5,3.8593,77.24
1.4995,3.8602,77.26
1.4991,3.8612,77.28
1.499,3.8622,77.3
1.4993,3.8633,77.32
1.4993,3.8642,77.34
1.4986,3.8652,77.36
1.4981,3.8662,77.38
1.4978,3.8672,77.4
1.4973,3.8681,77.42
1.4967,3.8691,77.44
1.4967,3.8702,77.46
1.4971,3.8712,77.48
1.4972,3.8722,77.5
1.497,3.8732,77.52
1.4962,3.8742,77.54
1.4951,3.8751,77.56
1.4945,3.8762,77.58
1.4947,3.8772,77.6
1.4946,3.8781,77.62
1.4943,3.8792,77.64
1.4943,3.8803,77.66
1.4942,3.8813,77.68
1.4937,3.8823,77.7
1.4931,3.8833,77.72
1.4925,3.8842,77.74
1.4919,3.8852,77.76
1.492,3.8863,77.78
1.4925,3.8874,77.8
1.4923,3.8884,77.82
1.4913,3.8894,77.84
1.4906,3.8903,77.86
1.49,3.8913,77.88
1.4894,3.8923,77.9
1.489,3.8932,77.92
1.4888,3.8942,77.94
1.4885,3.8952,77.96
1.4886,3.8963,77.98
1.4886,3.8972,78
1.4879,3.8981,78.02
1.4869,3.8991,78.04
1.4865,3.9001,78.06
1.4864,3.9011,78.08
1.4863,3.9021,78.1
1.4864,3.9032,78.12
1.4864,3.9042,78.14
1.4858,3.9051,78.16
1.4852,3.9061,78.18
1.4851,3.9072,78.2
1.4847,3.9081,78.22
1.4839,3.9091,78.24
1.4837,3.9102,78.26
1.4841,3.9113,78.28
1.4842,3.9123,78.3
1.4839,3.9134,78.32
1.4831,3.9143,78.34
1.4819,3.9152,78.36
1.4814,3.9163,78.38
1.4815,3.9174,78.4
1.4814,3.9183,78.42
1.4809,3.9194,78.44
1.4807,3.9204,78.46
1.4802,3.9213,78.48
1.4795,3.9223,78.5
1.4787,3.9232,78.52
1.4782,3.9241,78.54
1.4777,3.9251,78.56
1.4776,3.9261,78.58
1.4781,3.9272,78.6
1.4784,3.9282,78.62
1.4778,3.9292,78.64
1.4772,3.9302,78.66
1.4766,3.9311,78.68
1.476,3.9321,78.7
1.4757,3.9331,78.72
1.4757,3.9341,78.74
1.4754,3.9352,78.76
1.4753,3.9362,78.78
1.4752,3.9373,78.8
1.4745,3.9382,78.82
1.4733,3.9391,78.84
1.4726,3.9401,78.86
1.4725,3.9411,78.88
1.4726,3.9422,78.9
1.4729,3.9433,78.92
1.4729,3.9443,78.94
1.4722,3.9453,78.96
1.4714,3.9463,78.98
1.4711,3.9473,79
1.4707,3.9483,79.02
1.4697,3.9492,79.04
1.4692,3.9503,79.06
1.4694,3.9513,79.08
1.4694,3.9524,79.1
1.469,3.9533,79.12
1.4681,3.9542,79.14
1.467,3.9552,79.16
1.4664,3.9562,79.18
1.4665,3.9572,79.2
1.4665,3.9581,79.22
1.4661,3.9592,79.24
1.466,3.9602,79.26
1.466,3.9612,79.28
1.4655,3.9622,79.3
1.4646,3.9631,79.32
1.4639,3.9641,79.34
1.4634,3.965,79.36
1.4632,3.9661,79.38
1.4636,3.9672,79.4
1.4639,3.9682,79.42
1.4634,3.9692,79.44
1.4626,3.9702,79.46
1.4622,3.9712,79.48
1.4615,3.9722,79.5
1.461,3.9733,79.52
1.461,3.9743,79.54
1.4606,3.9753,79.56
1.4603,3.9764,79.58
1.4602,3.9774,79.6
1.4596,3.9784,79.62
1.4583,3.9793,79.64
1.4574,3.9803,79.66
1.457,3.9812,79.68
1.4568,3.9822,79.7
1.4568,3.9833,79.72
1.4567,3.9842,79.74
1.4562,3.9852,79.76
1.4554,3.9861,79.78
1.4551,3.9872,79.8
1.4549,3.9881,79.82
1.4543,3.989,79.84
1.4538,3.9901,79.86
1.4541,3.9912,79.88
1.4543,3.9922,79.9
1.4539,3.9932,79.92
1.4531,3.9941,79.94
1.4521,3.9951,79.96
1.4513,3.9961,79.98
1.4512,3.9972,80
1.4513,3.9981,80.02
1.4509,3.9992,80.04
1.4507,4.0003,80.06
1.4508,4.0013,80.08
1.4503,4.0023,80.1
1.4494,4.0033,80.12
1.4488,4.0042,80.14
1.448,4.0052,80.16
1.4477,4.0063,80.18
1.4479,4.0074,80.2
1.4481,4.0084,80.22
1.4474,4.0094,80.24
1.4465,4.0104,80.26
1.4456,4.0113,80.28
1.4448,4.0123,80.3
1.4443,4.0133,80.32
1.4441,4.0142,80.34
1.4438,4.0152,80.36
1.4435,4.0163,80.38
1.4436,4.0173,80.4
1.4433,4.0182,80.42
1.4421,4.0191,80.44
1.4413,4.0201,80.46
1.4411,4.0211,80.48
1.441,4.0221,80.5
1.4411,4.0232,80.52
1.4411,4.0242,80.54
1.4406,4.0251,80.56
1.4395,4.0261,80.58
1.439,4.0272,80.6
1.4387,4.0281,80.62
1.438,4.0291,80.64
1.4376,4.0301,80.66
1.4378,4.0312,80.68
1.4381,4.0323,80.7
1.438,4.0334,80.72
1.4372,4.0343,80.74
1.4358,4.0353,80.76
1.4348,4.0363,80.78
1.4346,4.0373,80.8
1.4346,4.0383,80.82
1.4342,4.0393,80.84
1.4339,4.0404,80.86
1.4337,4.0414,80.88
1.4329,4.0423,80.9
1.4318,4.0432,80.92
1.4309,4.0442,80.94
1.4303,4.0451,80.96
1.4299,4.0461,80.98
1.4302,4.0472,81
1.4306,4.0482,81.02
1.4303,4.0492,81.04
1.4296,4.0502,81.06
1.4289,4.0512,81.08
1.4282,4.0521,81.1
1.4276,4.0531,81.12
1.4274,4.0541,81.14
1.4272,4.0551,81.16
1.4269,4.0562,81.18
1.4269,4.0573,81.2
1.4267,4.0582,81.22
1.4256,4.0592,81.24
1.4245,4.0602,81.26
1.4239,4.0612,81.28
1.4237,4.0622,81.3
1.4238,4.0633,81.32
1.4238,4.0643,81.34
1.4234,4.0653,81.36
1.4225,4.0663,81.38
1.4218,4.0674,81.4
1.4215,4.0683,81.42
1.4206,4.0692,81.44
1.4196,4.0703,81.46
1.4195,4.0713,81.48
1.4196,4.0723,81.5
1.4193,4.0733,81.52
1.4186,4.0743,81.54
1.4176,4.0752,81.56
1.4166,4.0761,81.58
1.4163,4.0772,81.6
1.4164,4.0781,81.62
1.4161,4.0791,81.64
1.4157,4.0802,81.66
1.4157,4.0812,81.68
1.4153,4.0822,81.7
1.4143,4.0831,81.72
1.4136,4.0841,81.74
1.4131,4.0851,81.76
1.4126,4.0861,81.78
1.4124,4.0872,81.8
1.4128,4.0882,81.82
1.4125,4.0892,81.84
1.4116,4.0902,81.86
1.4108,4.0912,81.88
1.4101,4.0922,81.9
1.4096,4.0932,81.92
1.4094,4.0943,81.94
1.4093,4.0953,81.96
1.4088,4.0964,81.98
1.4085,4.0975,82
1.4082,4.0984,82.02
1.4069,4.0993,82.04
1.4057,4.1003,82.06
1.4051,4.1013,82.08
1.4047,4.1023,82.1
1.4047,4.1033,82.12
1.4047,4.1043,82.14
1.4041,4.1052,82.16
1.403,4.1062,82.18
1.4022,4.1072,82.2
1.402,4.1081,82.22
1.4015,4.109,82.24
1.4008,4.11,82.26
1.4008,4.1111,82.28
1.4011,4.1122,82.3
1.4009,4.1132,82.32
1.4003,4.1142,82.34
1.3992,4.1151,82.36
1.398,4.1161,82.38
1.3975,4.1171,82.4
1.3975,4.1181,82.42
1.3974,4.1191,82.44
1.3969,4.1202,82.46
1.3967,4.1213,82.48
1.3965,4.1222,82.5
1.3956,4.1232,82.52
1.3946,4.1242,82.54
1.3938,4.1252,82.56
1.3931,4.1262,82.58
1.393,4.1273,82.6
1.3935,4.1284,82.62
1.3933,4.1294,82.64
1.3923,4.1304,82.66
1.3912,4.1313,82.68
1.3901,4.1323,82.7
1.3893,4.1332,82.72
1.389,4.1342,82.74
1.3888,4.1352,82.76
1.3884,4.1362,82.78
1.3881,4.1373,82.8
1.3881,4.1383,82.82
1.3873,4.1392,82.84
1.3859,4.1401,82.86
1.3851,4.1411,82.88
1.3848,4.1421,82.9
1.3846,4.1431,82.92
1.3847,4.1442,82.94
1.3845,4.1452,82.96
1.3838,4.1461,82.98
1.3831,4.1472,83
1.3828,4.1482,83.02
1.3822,4.1491,83.04
1.3811,4.1501,83.06
1.3806,4.1512,83.08
1.3807,4.1523,83.1
1.3806,4.1533,83.12
1.3802,4.1543,83.14
1.3794,4.1553,83.16
1.3783,4.1563,83.18
1.3775,4.1573,83.2
1.3773,4.1584,83.22
1.3768,4.1593,83.24
1.3761,4.1604,83.26
1.3757,4.1614,83.28
1.375,4.1623,83.3
1.3742,4.1633,83.32
1.3734,4.1642,83.34
1.3727,4.1652,83.36
1.3719,4.1661,83.38
1.3715,4.1671,83.4
1.3716,4.1682,83.42
1.3716,4.1692,83.44
1.371,4.1702,83.46
1.3703,4.1712,83.48
1.3697,4.1721,83.5
1.369,4.1731,83.52
1.3685,4.1742,83.54
1.3682,4.1752,83.56
1.3676,4.1762,83.58
1.3671,4.1773,83.6
1.367,4.1783,83.62
1.3664,4.1792,83.64
1.3651,4.1802,83.66
1.3643,4.1812,83.68
1.364,4.1822,83.7
1.3638,4.1833,83.72
1.3637,4.1844,83.74
1.3632,4.1853,83.76
1.3621,4.1863,83.78
1.3611,4.1873,83.8
1.3608,4.1884,83.82
1.3602,4.1893,83.84
1.3593,4.1903,83.86
1.359,4.1914,83.88
1.359,4.1924,83.9
1.3586,4.1934,83.92
1.3576,4.1944,83.94
1.3564,4.1953,83.96
1.3552,4.1962,83.98
1.3545,4.1972,84
1.3545,4.1982,84.02
1.3545,4.1991,84.04
1.3541,4.2002,84.06
1.3538,4.2013,84.08
1.3535,4.2022,84.1
1.3526,4.2032,84.12
1.3514,4.2041,84.14
1.3504,4.2051,84.16
1.3496,4.206,84.18
1.3493,4.207,84.2
1.3495,4.2082,84.22
1.3497,4.2092,84.24
1.3491,4.2102,84.26
1.3482,4.2112,84.28
1.3473,4.2122,84.3
1.3464,4.2132,84.32
1.3458,4.2142,84.34
1.3456,4.2153,84.36
1.3453,4.2163,84.38
1.3448,4.2174,84.4
1.3446,4.2185,84.42
1.3436,4.2194,84.44
1.3421,4.2203,84.46
1.3409,4.2213,84.48
1.3401,4.2222,84.5
1.3398,4.2232,84.52
1.3397,4.2243,84.54
1.3396,4.2253,84.56
1.3389,4.2262,84.58
1.338,4.2272,84.6
1.3375,4.2282,84.62
1.3369,4.2291,84.64
1.3356,4.2301,84.66
1.3349,4.2311,84.68
1.3349,4.2322,84.7
1.3351,4.2332,84.72
1.3348,4.2342,84.74
1.3341,4.2352,84.76
1.3329,4.2362,84.78
1.3319,4.2372,84.8
1.3316,4.2382,84.82
1.3312,4.2392,84.84
1.3304,4.2402,84.86
1.3298,4.2413,84.88
1.3295,4.2423,84.9
1.3288,4.2433,84.92
1.3281,4.2443,84.94
1.3273,4.2453,84.96
1.3263,4.2462,84.98
1.3257,4.2473,85
1.3256,4.2484,85.02
1.3255,4.2494,85.04
1.3246,4.2504,85.06
1.3235,4.2514,85.08
1.3226,4.2523,85.1
1.3218,4.2533,85.12
1.3212,4.2543,85.14
1.3207,4.2553,85.16
1.3201,4.2562,85.18
1.3194,4.2573,85.2
1.319,4.2583,85.22
1.3183,4.2592,85.24
1.3172,4.2601,85.26
1.3162,4.2611,85.28
1.316,4.2621,85.3
1.3157,4.2631,85.32
1.3156,4.2642,85.34
1.3152,4.2652,85.36
1.3142,4.2661,85.38
1.3131,4.2671,85.4
1.3124,4.2681,85.42
1.3122,4.2691,85.44
1.3115,4.2701,85.46
1.3108,4.2712,85.48
1.3106,4.2723,85.5
1.3106,4.2734,85.52
1.31,4.2744,85.54
1.3087,4.2753,85.56
1.3071,4.2762,85.58
1.3059,4.2772,85.6
1.3057,4.2783,85.62
1.3058,4.2793,85.64
1.3052,4.2804,85.66
1.3047,4.2814,85.68
1.3041,4.2824,85.7
1.3029,4.2833,85.72
1.3014,4.2842,85.74
1.3003,4.2851,85.76
1.2996,4.2861,85.78
1.2992,4.2871,85.8
1.2992,4.2882,85.82
1.2995,4.2892,85.84
1.2991,4.2902,85.86
1.2981,4.2912,85.88
1.297,4.2921,85.9
1.2958,4.2931,85.92
1.2948,4.2941,85.94
1.2944,4.2951,85.96
1.2942,4.2961,85.98
1.2938,4.2972,86
1.2935,4.2983,86.02
1.2931,4.2992,86.04
1.2917,4.3001,86.06
1.2903,4.3011,86.08
1.2895,4.3021,86.1
1.2892,4.3032,86.12
1.289,4.3043,86.14
1.2889,4.3053,86.16
1.2882,4.3063,86.18
1.2871,4.3073,86.2
1.2862,4.3084,86.22
1.2856,4.3094,86.24
1.2843,4.3103,86.26
1.2831,4.3113,86.28
1.2829,4.3123,86.3
1.2826,4.3134,86.32
1.2821,4.3144,86.34
1.2812,4.3153,86.36
1.28,4.3162,86.38
1.2788,4.3172,86.4
1.2783,4.3182,86.42
1.2778,4.3192,86.44
1.2771,4.3201,86.46
1.2765,4.3212,86.48
1.2763,4.3222,86.5
1.2758,4.3232,86.52
1.2748,4.3242,86.54
1.2738,4.3252,86.56
1.273,4.3261,86.58
1.2722,4.3271,86.6
1.2717,4.3282,86.62
1.2715,4.3292,86.64
1.2708,4.3302,86.66
1.2697,4.3312,86.68
1.2689,4.3322,86.7
1.2681,4.3332,86.72
1.2674,4.3342,86.74
1.2669,4.3353,86.76
1.2664,4.3363,86.78
1.2656,4.3373,86.8
1.2649,4.3384,86.82
1.2643,4.3394,86.84
1.263,4.3403,86.86
1.2617,4.3413,86.88
1.2608,4.3423,86.9
1.2602,4.3432,86.92
1.2598,4.3443,86.94
1.2594,4.3453,86.96
1.2586,4.3462,86.98
1.2573,4.3471,87
1.2564,4.3481,87.02
1.2559,4.3491,87.04
1.2552,4.3501,87.06
1.2544,4.3511,87.08
1.2541,4.3521,87.1
1.254,4.3532,87.12
1.2535,4.3542,87.14
1.2524,4.3552,87.16
1.251,4.3561,87.18
1.2497,4.3571,87.2
1.249,4.3581,87.22
1.2489,4.3592,87.24
1.2485,4.3602,87.26
1.2478,4.3613,87.28
1.2472,4.3623,87.3
1.2466,4.3633,87.32
1.2453,4.3643,87.34
1.244,4.3653,87.36
1.243,4.3662,87.38
1.2422,4.3673,87.4
1.2418,4.3684,87.42
1.2418,4.3695,87.44
1.2413,4.3704,87.46
1.2399,4.3714,87.48
1.2385,4.3724,87.5
1.2371,4.3733,87.52
1.2361,4.3743,87.54
1.2356,4.3753,87.56
1.2351,4.3762,87.58
1.2345,4.3772,87.6
1.2341,4.3783,87.62
1.2337,4.3793,87.64
1.2326,4.3802,87.66
1.2311,4.3811,87.68
1.23,4.3821,87.7
1.2294,4.3831,87.72
1.229,4.3841,87.74
1.2287,4.3852,87.76
1.2281,4.3862,87.78
1.2271,4.3871,87.8
1.226,4.3882,87.82
1.2254,4.3892,87.84
1.2245,4.3901,87.86
1.2231,4.3911,87.88
1.2223,4.3922,87.9
1.2222,4.3932,87.92
1.2219,4.3943,87.94
1.2211,4.3954,87.96
1.22,4.3963,87.98
1.2184,4.3973,88
1.2173,4.3984,88.02
1.217,4.3994,88.04
1.2162,4.4003,88.06
1.2152,4.4014,88.08
1.2144,4.4024,88.1
1.2136,4.4033,88.12
1.2125,4.4043,88.14
1.2114,4.4053,88.16
1.2104,4.4062,88.18
1.2094,4.4071,88.2
1.2088,4.4082,88.22
1.2085,4.4092,88.24
1.2081,4.4102,88.26
1.207,4.4112,88.28
1.2059,4.4122,88.3
1.205,4.4131,88.32
1.2041,4.4141,88.34
1.2034,4.4151,88.36
1.2028,4.4162,88.38
1.202,4.4171,88.4
1.2011,4.4182,88.42
1.2006,4.4193,88.44
1.1996,4.4202,88.46
1.1981,4.4211,88.48
1.197,4.4221,88.5
1.1964,4.4232,88.52
1.1958,4.4242,88.54
1.1954,4.4253,88.56
1.1948,4.4263,88.58
1.1935,4.4273,88.6
1.1921,4.4283,88.62
1.1914,4.4294,88.64
1.1904,4.4303,88.66
1.1892,4.4313,88.68
1.1884,4.4324,88.7
1.1879,4.4334,88.72
1.1872,4.4344,88.74
1.1859,4.4354,88.76
1.1843,4.4363,88.78
1.183,4.4372,88.8
1.182,4.4382,88.82
1.1817,4.4392,88.84
1.1814,4.4402,88.86
1.1806,4.4412,88.88
1.18,4.4423,88.9
1.1793,4.4432,88.92
1.1779,4.4442,88.94
1.1765,4.4451,88.96
1.1754,4.4461,88.98
1.1744,4.4471,89
1.1737,4.4481,89.02
1.1735,4.4492,89.04
1.1732,4.4502,89.06
1.172,4.4512,89.08
1.1707,4.4522,89.1
1.1695,4.4532,89.12
1.1683,4.4542,89.14
1.1674,4.4552,89.16
1.1669,4.4563,89.18
1.1662,4.4573,89.2
1.1652,4.4584,89.22
1.1646,4.4595,89.24
1.1635,4.4604,89.26
1.1617,4.4613,89.28
1.1603,4.4623,89.3
1.1594,4.4633,89.32
1.1586,4.4643,89.34
1.1581,4.4653,89.36
1.1574,4.4663,89.38
1.1562,4.4672,89.4
1.1548,4.4682,89.42
1.1539,4.4692,89.44
1.153,4.4701,89.46
1.1518,4.471,89.48
1.1509,4.4721,89.5
1.1505,4.4731,89.52
1.1501,4.4742,89.54
1.1492,4.4752,89.56
1.1481,4.4762,89.58
1.1466,4.4771,89.6
1.1451,4.4781,89.62
1.1443,4.4792,89.64
1.1438,4.4802,89.66
1.1427,4.4812,89.68
1.1419,4.4823,89.7
1.1412,4.4833,89.72
1.14,4.4843,89.74
1.1387,4.4853,89.76
1.1374,4.4863,89.78
1.1362,4.4872,89.8
1.1352,4.4883,89.82
1.1348,4.4894,89.84
1.1343,4.4904,89.86
1.1329,4.4914,89.88
1.1315,4.4924,89.9
1.1301,4.4933,89.92
1.129,4.4943,89.94
1.1279,4.4953,89.96
1.1271,4.4963,89.98
1.1263,4.4973,90
1.1253,4.4983,90.02
1.1247,4.4993,90.04
1.1235,4.5002,90.06
1.1218,4.5012,90.08
1.1205,4.5021,90.1
1.1198,4.5031,90.12
1.1191,4.5041,90.14
1.1184,4.5052,90.16
1.1177,4.5062,90.18
1.1164,4.5072,90.2
1.1148,4.5082,90.22
1.1137,4.5092,90.24
1.1129,4.5101,90.26
1.1117,4.5111,90.28
1.1105,4.5121,90.3
1.11,4.5132,90.32
1.1095,4.5143,90.34
1.1086,4.5154,90.36
1.107,4.5163,90.38
1.1052,4.5173,90.4
1.1038,4.5183,90.42
1.1029,4.5193,90.44
1.1023,4.5203,90.46
1.1011,4.5213,90.48
1.1,4.5224,90.5
1.099,4.5234,90.52
1.0976,4.5243,90.54
1.0961,4.5252,90.56
1.0947,4.5262,90.58
1.0936,4.5271,90.6
1.0925,4.5281,90.62
1.0919,4.5292,90.64
1.0915,4.5302,90.66
1.0905,4.5312,90.68
1.0891,4.5322,90.7
1.0877,4.5332,90.72
1.0865,4.5341,90.74
1.0853,4.5351,90.76
1.0844,4.5362,90.78
1.0835,4.5372,90.8
1.0825,4.5382,90.82
1.0816,4.5393,90.84
1.0804,4.5403,90.86
1.0786,4.5412,90.88
1.0769,4.5422,90.9
1.0758,4.5432,90.92
1.075,4.5442,90.94
1.0744,4.5453,90.96
1.0736,4.5464,90.98
1.0723,4.5473,91
1.0707,4.5483,91.02
1.0693,4.5494,91.04
1.0682,4.5503,91.06
1.0668,4.5513,91.08
1.0653,4.5523,91.1
1.0644,4.5533,91.12
1.0635,4.5544,91.14
1.0624,4.5554,91.16
1.061,4.5563,91.18
1.0595,4.5572,91.2
1.058,4.5581,91.22
1.057,4.5592,91.24
1.0564,4.5602,91.26
1.0553,4.5611,91.28
1.0539,4.5622,91.3
1.0531,4.5632,91.32
1.052,4.5642,91.34
1.0505,4.5651,91.36
1.0488,4.5661,91.38
1.0475,4.5671,91.4
1.0462,4.568,91.42
1.0454,4.5691,91.44
1.0449,4.5702,91.46
1.0438,4.5712,91.48
1.0421,4.5722,91.5
1.0406,4.5732,91.52
1.0392,4.5742,91.54
1.0378,4.5752,91.56
1.0367,4.5763,91.58
1.0357,4.5773,91.6
1.0345,4.5783,91.62
1.0334,4.5794,91.64
1.0321,4.5804,91.66
1.0302,4.5813,91.68
1.0281,4.5823,91.7
1.0268,4.5833,91.72
1.0257,4.5842,91.74
1.0246,4.5852,91.76
1.0237,4.5863,91.78
1.0226,4.5872,91.8
1.021,4.5882,91.82
1.0194,4.5892,91.84
1.0183,4.5902,91.86
1.017,4.5911,91.88
1.0155,4.5921,91.9
1.0145,4.5931,91.92
1.0137,4.5942,91.94
1.0125,4.5952,91.96
1.011,4.5962,91.98
1.0092,4.5972,92
1.0074,4.5981,92.02
1.006,4.5992,92.04
1.0051,4.6002,92.06
1.004,4.6012,92.08
1.0025,4.6022,92.1
1.0013,4.6033,92.12
1,4.6043,92.14
0.9984,4.6053,92.16
0.9966,4.6063,92.18
0.9951,4.6072,92.2
0.9937,4.6082,92.22
0.9925,4.6093,92.24
0.9917,4.6104,92.26
0.9902,4.6114,92.28
0.9884,4.6124,92.3
0.9867,4.6134,92.32
0.985,4.6143,92.34
0.9834,4.6153,92.36
0.9821,4.6163,92.38
0.9809,4.6172,92.4
0.9796,4.6182,92.42
0.9782,4.6193,92.44
0.977,4.6203,92.46
0.9754,4.6212,92.48
0.9734,4.6221,92.5
0.9719,4.6231,92.52
0.9706,4.6241,92.54
0.9693,4.6251,92.56
0.9682,4.6262,92.58
0.9669,4.6272,92.6
0.965,4.6282,92.62
0.9632,4.6292,92.64
0.9617,4.6302,92.66
0.9601,4.6311,92.68
0.9582,4.6321,92.7
0.9568,4.6332,92.72
0.9556,4.6343,92.74
0.9541,4.6354,92.76
0.9524,4.6364,92.78
0.9503,4.6373,92.8
0.9481,4.6383,92.82
0.9464,4.6393,92.84
0.9452,4.6404,92.86
0.9438,4.6413,92.88
0.942,4.6424,92.9
0.9402,4.6434,92.92
0.9386,4.6443,92.94
0.9366,4.6453,92.96
0.9345,4.6462,92.98
0.9328,4.6471,93
0.9312,4.6481,93.02
0.9297,4.6491,93.04
0.9287,4.6502,93.06
0.9273,4.6512,93.08
0.9253,4.6522,93.1
0.9232,4.6532,93.12
0.9214,4.6541,93.14
0.9195,4.6551,93.16
0.9178,4.6561,93.18
0.9164,4.6571,93.2
0.9149,4.6581,93.22
0.9132,4.6592,93.24
0.9116,4.6603,93.26
0.9094,4.6612,93.28
0.9069,4.6621,93.3
0.905,4.6632,93.32
0.9034,4.6642,93.34
0.9018,4.6652,93.36
0.9002,4.6663,93.38
0.8982,4.6673,93.4
0.8957,4.6683,93.42
0.8931,4.6694,93.44
0.8907,4.6704,93.46
0.8882,4.6713,93.48
0.8852,4.6723,93.5
0.8821,4.6733,93.52
0.8781,4.6744,93.54
0.8706,4.6754,93.56
0.8603,4.6764,93.58
0.8492,4.6773,93.6
0.8373,4.6782,93.62
0.8232,4.6792,93.64
0.8019,4.6802,93.66
0.7664,4.6812,93.68
0.716,4.6822,93.7
0.6665,4.6833,93.72
0.596,4.6843,93.74
0.4826,4.6853,93.76
0.3984,4.6862,93.78
0.3682,4.6868,93.792